date,close,high,low,open,volume,adj_close
2020-01-02,72.40052795410156,72.46079141879511,71.15668916006118,71.4097927692221,135480400,72.40052795410156
2020-01-03,71.69664764404297,72.45596582996416,71.47246932030643,71.62915285765841,146322800,71.69664764404297
2020-01-06,72.26795196533203,72.3065214697964,70.56852501428666,70.81922311511464,118387200,72.26795196533203
2020-01-07,71.92806243896484,72.53310260522755,71.70870255084994,72.27758611058375,108872000,71.92806243896484
2020-01-08,73.0851058959961,73.38642316119072,71.63155170295238,71.63155170295238,132079200,73.0851058959961
2020-01-09,74.63749694824219,74.83033706552648,73.81068409472688,74.06137477592067,170108400,74.63749694824219
2020-01-10,74.80623626708984,75.370308736383,74.30484750773756,74.87132551313572,140644800,74.80623626708984
2020-01-13,76.40440368652344,76.43092342751396,75.00388181987825,75.12200317385458,121532000,76.40440368652344
2020-01-14,75.37269592285156,76.55145246560595,75.24976349452105,76.34173684913497,161954400,75.37269592285156
2020-01-15,75.0497055053711,76.0524904138791,74.6182170498927,75.17264532410701,121923600,75.0497055053711
2020-01-16,75.98981475830078,76.1007048279931,75.23049658770428,75.5920773695483,108829200,75.98981475830078
2020-01-17,76.8310775756836,76.83348311126043,75.9319442855303,76.2380799522902,137816400,76.8310775756836
2020-01-21,76.31041717529297,76.90099467937888,76.17301471865545,76.459869381581,110843200,76.31041717529297
2020-01-22,76.58280944824219,77.13481745633268,76.48879491769239,76.79493065234263,101832400,76.58280944824219
2020-01-23,76.95160675048828,77.03115126719418,76.0886300322076,76.63582686293465,104472000,76.95160675048828
2020-01-24,76.7298355102539,77.93992295405599,76.5394009459346,77.1974804769854,146537600,76.7298355102539
2020-01-27,74.47359466552734,75.1533609751762,73.49250366771739,74.74116092508633,161940000,74.47359466552734
2020-01-28,76.58039093017578,76.7515370876536,75.25459488094803,75.35342783283777,162234000,76.58039093017578
2020-01-29,78.18340301513672,79.02950436307852,77.46988569545148,78.20992276333985,216229200,78.18340301513672
2020-01-30,78.0700912475586,78.12312337660362,76.83589699674123,77.26738534868132,126743200,78.0700912475586
2020-01-31,74.60856628417969,77.78324080814086,74.31448034488959,77.36139664518089,199588400,74.60856628417969
2020-02-03,74.4036636352539,75.5679502030693,72.85127664058147,73.35266528651083,173788400,74.4036636352539
2020-02-04,76.8600082397461,77.05044280806926,75.60170706629567,76.00667569866678,136616400,76.8600082397461
2020-02-05,77.48675537109375,78.28464294726993,76.88412080562057,77.98573120045752,118826800,77.48675537109375
2020-02-06,78.39311218261719,78.39552507490272,77.1999001655233,77.7567339114429,105425600,78.39311218261719
2020-02-07,77.32755279541016,78.14183107037995,76.8370524098855,77.89295663582978,117684000,77.32755279541016
2020-02-10,77.6948013305664,77.6948013305664,75.83428641741939,75.91401971596468,109348800,77.6948013305664
2020-02-11,77.22606658935547,78.26264398287658,77.00860470842123,78.19015914717811,94323200,77.22606658935547
2020-02-12,79.06000518798828,79.06483505188083,77.67548599053883,77.67548599053883,113730400,79.06000518798828
2020-02-13,78.49700164794922,78.82319807398167,78.12973294999506,78.33269781258844,94747600,78.49700164794922
2020-02-14,78.51636505126953,78.76523951540129,78.0089490191431,78.4656182863691,80113600,78.51636505126953
2020-02-18,77.07866668701172,77.25988612279623,76.01792538344428,76.19914481922879,152531200,77.07866668701172
2020-02-19,78.19497680664062,78.4245243735885,77.32029218115534,77.32029218115534,93984000,78.19497680664062
2020-02-20,77.39279174804688,78.44386614487053,76.88779437840257,77.95578436208415,100566000,77.39279174804688
2020-02-21,75.64099884033203,77.42903672549149,75.02485563249914,76.98685711850104,129554000,75.64099884033203
2020-02-24,72.04800415039062,73.49775945094957,69.88545691802558,71.82571246698684,222195200,72.04800415039062
2020-02-25,69.60758972167969,73.09908711151304,69.13642361597664,72.71732141374063,230673600,69.60758972167969
2020-02-26,70.71182250976562,71.97552869907848,69.22582460812832,69.23307309062069,198054800,70.71182250976562
2020-02-27,66.08950805664062,69.10500169424336,65.95419815371966,67.92103635676665,320605600,66.08950805664062
2020-02-28,66.05085754394531,67.27107285671417,61.94563554811998,62.1606861550344,426510000,66.05085754394531
2020-03-02,72.20023345947266,72.83571074634416,67.10434419306169,68.20615768991611,341397200,72.20023345947266
2020-03-03,69.9072036743164,73.45426993984877,69.05667582944147,73.3745366413102,319475600,69.9072036743164
2020-03-04,73.14983367919922,73.30930768219956,70.82781196815235,71.62759322830975,219178400,73.14983367919922
2020-03-05,70.77706146240234,72.3790349760971,70.41220399588842,71.40528289969257,187572800,70.77706146240234
2020-03-06,69.8371353149414,70.26964775134793,67.95245619771107,68.13850549074616,226176800,69.8371353149414
2020-03-09,64.3135757446289,67.19375264320037,63.54761831737935,63.72883776125021,286744800,64.3135757446289
2020-03-10,68.94552612304688,69.21131605967966,65.0867606135554,66.96419837707879,285290000,68.94552612304688
2020-03-11,66.55103302001953,67.95004932218703,65.68842661681832,67.02462518678024,255598800,66.55103302001953
2020-03-12,59.97880554199219,65.23900324323806,59.92323260860385,61.84174314573799,418474000,59.97880554199219
2020-03-13,67.1647720336914,67.63594563074507,61.11928915474014,64.00430755021486,370732000,67.1647720336914
2020-03-16,58.52421188354492,62.60043602101579,57.9902170129729,58.46138678881957,322423600,58.52421188354492
2020-03-17,61.097537994384766,62.24525757240569,57.60362512771133,59.804837684368415,324056000,61.097537994384766
2020-03-18,59.601863861083984,60.406478598445545,57.29433564123959,57.93464652653443,300233600,59.601863861083984
2020-03-19,59.14519500732422,61.09269941838276,58.62086718026377,59.77583883377371,271857200,59.14519500732422
2020-03-20,55.390323638916016,60.84865193316744,55.090706190239764,59.725089265820536,401693200,55.390323638916016
2020-03-23,54.21360397338867,55.21152015646839,51.372084613414366,55.1100377172106,336752800,54.21360397338867
2020-03-24,59.6525993347168,59.84831571056435,56.61294527600062,57.1106940064076,287531200,59.6525993347168
2020-03-25,59.323997497558594,62.399894457247456,59.029213577289134,60.58770003932158,303602000,59.323997497558594
2020-03-26,62.44580841064453,62.50379627651141,59.52696661828964,59.56562765348039,252087200,62.44580841064453
2020-03-27,59.860408782958984,61.8248250722316,59.69368630258447,61.07095335601888,204216800,59.860408782958984
2020-03-30,61.56869888305664,61.74025490515105,60.2615017965214,60.5852833250574,167976400,61.56869888305664
2020-03-31,61.44304656982422,63.4243781505614,60.88972489834924,61.75957958595021,197002000,61.44304656982422
2020-04-01,58.2100944519043,60.09719207609643,57.78000065964953,59.56078230159109,176218400,58.2100944519043
2020-04-02,59.18143844604492,59.234596446659125,57.241182484383906,58.072376290076036,165934000,59.18143844604492
2020-04-03,58.3309211730957,59.36749487099752,57.741353268233574,58.6667810943843,129880000,58.3309211730957
2020-04-06,63.41956329345703,63.5742000668219,60.256680497705005,60.62394928655553,201820400,63.41956329345703
2020-04-07,62.68501281738281,65.64976767726971,62.58111543792132,65.43229844270063,202887200,62.68501281738281
2020-04-08,64.28941345214844,64.60352421399418,63.1199448269442,63.484794969799864,168895200,64.28941345214844
2020-04-09,64.75333404541016,65.25592013573771,63.95839000283478,64.92489377394622,161834800,64.75333404541016
2020-04-13,66.02428436279297,66.13301897916537,64.23141674512242,64.8306516969401,131022800,66.02428436279297
2020-04-14,69.35871887207031,69.64867293181604,67.1840855454915,67.6552590491188,194994800,69.35871887207031
2020-04-15,68.72565460205078,69.18474234820361,67.80747910974512,68.23515430833677,131154400,68.72565460205078
2020-04-16,69.271728515625,69.63658597716727,68.22307301485074,69.43845097329417,157125200,69.271728515625
2020-04-17,68.33180236816406,69.33455576393993,66.89654391550201,68.78847886393716,215250000,68.33180236816406
2020-04-20,66.9134750366211,68.06119834153615,66.89414820439593,67.15993823398618,130015200,66.9134750366211
2020-04-21,64.84514617919922,66.99078550242736,64.13476539316186,66.75640806793423,180991600,64.84514617919922
2020-04-22,66.71290588378906,67.14782951135057,65.77056644151477,66.11125243793057,116862400,66.71290588378906
2020-04-23,66.45436096191406,68.07808706003861,66.41569993888298,66.6573258024501,124814400,66.45436096191406
2020-04-24,68.37289428710938,68.38256138963163,66.93038709342744,66.97871523220005,126161200,68.37289428710938
2020-04-27,68.42120361328125,68.75222988872481,67.64316798553294,68.09016996400102,117087600,68.42120361328125
2020-04-28,67.3121337890625,69.06392140300909,67.22032214952667,68.88270199466979,112004800,67.3121337890625
2020-04-29,69.52302551269531,69.99178036647727,68.59518290617446,68.79814778505363,137280800,69.52302551269531
2020-04-30,70.98967742919922,71.16606696831562,69.67282086621682,70.06183497622997,183064000,70.98967742919922
2020-05-01,69.84679412841797,72.2461373205468,69.068758508474,69.16540738463718,240616800,69.84679412841797
2020-05-04,70.83505249023438,70.96311392727311,69.1823321546666,69.87096747127923,133568000,70.83505249023438
2020-05-05,71.89820861816406,72.7294023781066,71.14916678667844,71.29414381435919,147751200,71.89820861816406
2020-05-06,72.6400146484375,73.27065487426464,72.21475059268822,72.59893499011841,142333600,72.6400146484375
2020-05-07,73.39144897460938,73.73697961793019,72.96377378346223,73.26580616038919,115215200,73.39144897460938
2020-05-08,75.13829040527344,75.19159229593362,73.72337622769179,74.05045567520663,133838400,75.13829040527344
2020-05-11,76.32061767578125,76.81486350373997,74.4380975285037,74.64646215282984,145946400,76.32061767578125
2020-05-12,75.44841003417969,77.45448798811958,75.32727004325628,77.00384337710936,162301200,75.44841003417969
2020-05-13,74.53743743896484,76.54836579208815,73.46171369194431,75.62769739388037,200622400,74.53743743896484
2020-05-14,74.99535369873047,75.05592369907653,73.05468852162736,73.77668558751988,158929200,74.99535369873047
2020-05-15,74.55197143554688,74.59800522378177,72.73487156458532,72.7687943111998,166348400,74.55197143554688
2020-05-18,76.30850219726562,76.68161544536761,75.18432690881329,75.87482634655969,135178400,76.30850219726562
2020-05-19,75.8675765991211,77.17103702628488,75.83607901036319,76.32548203793918,101729600,75.8675765991211
2020-05-20,77.34303283691406,77.41328870045753,76.68644883413718,76.7252145142633,111504800,77.34303283691406
2020-05-21,76.76641845703125,77.74523171426733,76.52898139842385,77.20494465969075,102688800,76.76641845703125
2020-05-22,77.26065826416016,77.34303256146072,76.40298515469343,76.50473859508931,81803200,77.26065826416016
2020-05-26,76.73735046386719,78.5568683167511,76.68162339962899,78.37758347481825,125522000,76.73735046386719
2020-05-27,77.07168579101562,77.21705526702166,75.85544287582236,76.59440129810365,112945200,77.07168579101562
2020-05-28,77.10559844970703,78.36303205284943,76.4708261278027,76.7470214416537,133560800,77.10559844970703
2020-05-29,77.0304946899414,77.80821132778638,76.67434283627068,77.34788086093664,153532400,77.0304946899414
2020-06-01,77.97781372070312,78.09895371175787,76.85363105469186,76.9844643152945,80791200,77.97781372070312
2020-06-02,78.33881378173828,78.36304326033381,77.27035810172477,77.71130947324757,87642800,78.33881378173828
2020-06-03,78.77006530761719,79.03173182452788,78.08683399477036,78.65861858793946,104491200,78.77006530761719
2020-06-04,78.0916976928711,78.8912188000404,77.71858439241902,78.59321910796065,87560400,78.0916976928711
2020-06-05,80.31582641601562,80.37639642085425,78.31217331772173,78.34124573703636,137250400,80.31582641601562
2020-06-08,80.79067993164062,80.82460267780965,79.30308470158906,80.01296326734492,95654400,80.79067993164062
2020-06-09,83.3419189453125,83.73441147585518,80.43940843762967,80.47090602974993,147712400,83.3419189453125
2020-06-10,85.48607635498047,85.95367499163955,83.8506863159115,84.28921253488384,166651600,85.48607635498047
2020-06-11,81.38186645507812,85.05483286146779,81.28011297568305,84.63084277845434,201662400,81.38186645507812
2020-06-12,82.08447265625,84.26499296476219,80.97483335252352,83.5187737124544,200146000,82.08447265625
2020-06-15,83.0995864868164,83.7513200559991,80.57745165991837,80.73978245781511,138808800,83.0995864868164
2020-06-16,85.30192565917969,85.57328542706455,83.51874869015089,85.1517132659384,165428800,85.30192565917969
2020-06-17,85.18323516845703,86.10632149459083,85.062095153019,86.04575148687181,114406400,85.18323516845703
2020-06-18,85.21712493896484,85.63384672653369,84.6089999308216,85.13959358458067,96820400,85.21712493896484
2020-06-19,84.73015594482422,86.38735014117718,83.62293464807695,85.92217671437545,264476000,84.73015594482422
2020-06-22,86.94701385498047,87.08995815364833,85.07661214341427,85.12264593038505,135445200,86.94701385498047
2020-06-23,88.80286407470703,90.22020316994305,87.77074918797572,88.18989613632456,212155600,88.80286407470703
2020-06-24,87.2353286743164,89.35043555341034,86.86221543627708,88.4321923624518,192623200,87.2353286743164
2020-06-25,88.3934326171875,88.43219830369976,86.63205971274161,87.39039728120305,137522400,88.3934326171875
2020-06-26,85.6774673461914,88.50972079929527,85.52967271907464,88.28924513838203,205256800,85.6774673461914
2020-06-29,87.65204620361328,87.74653893980732,85.10810654900735,85.58539837995676,130646000,87.65204620361328
2020-06-30,88.38374328613281,88.66963931267749,87.22080221413067,87.24018136135113,140223200,88.38374328613281
2020-07-01,88.2165756225586,89.00398569728229,88.16812405423994,88.46128081179627,110737200,88.2165756225586
2020-07-02,88.2165756225586,89.75748041356287,88.10271110979996,89.122707936332,114041600,88.2165756225586
2020-07-06,90.57638549804688,91.0439841546096,89.61210837219791,89.6436059572989,118655600,90.57638549804688
2020-07-07,90.29531860351562,91.73203698734285,90.18387189252502,90.95432038842118,112424400,90.29531860351562
2020-07-08,92.39832305908203,92.42982064230873,91.18449788463136,91.27172253001288,117092000,92.39832305908203
2020-07-09,92.79566955566406,93.34321735378231,91.74901813164107,93.28991545550893,125642800,92.79566955566406
2020-07-10,92.9579849243164,93.01613714978424,91.78050772022172,92.39105063414506,90257200,92.9579849243164
2020-07-13,92.52914428710938,96.8683794397454,92.31593673037001,94.26144459491981,191649200,92.52914428710938
2020-07-14,94.06035614013672,94.25175199437801,90.97855460222202,91.91132657887599,170989200,94.06035614013672
2020-07-15,94.70722961425781,96.18271360128323,93.5103660869661,95.93316555212387,153198000,94.70722961425781
2020-07-16,93.54190826416016,94.39715658739463,92.9434762151796,93.58067396134197,110577600,93.54190826416016
2020-07-17,93.35291290283203,94.14759106406643,92.8804639114332,93.99253569772281,92186800,93.35291290283203
2020-07-20,95.32022094726562,95.45832232514117,93.09609226760277,93.44013312925429,90318000,95.32022094726562
2020-07-21,94.00463104248047,96.18515083470295,93.75508296201137,96.11004463336359,103433200,94.00463104248047
2020-07-22,94.26872253417969,94.94952872983103,93.61941392094188,93.70663117027293,89001600,94.26872253417969
2020-07-23,89.9779281616211,94.07972590175224,89.16871402354269,94.00219454397538,197004400,89.9779281616211
2020-07-24,89.75503540039062,90.0990762102355,86.3921882418588,88.17779782726093,185438800,89.75503540039062
2020-07-27,91.88227081298828,91.97433840198715,90.59334674840196,90.81624022237884,121214000,91.88227081298828
2020-07-28,90.37285614013672,91.63028980605597,90.3680058085899,91.45342276195278,103625600,90.37285614013672
2020-07-29,92.10517883300781,92.28931402530422,90.81867244089453,90.85501296732149,90329200,92.10517883300781
2020-07-30,93.21963500976562,93.32381361272807,90.87194172588752,91.27897026336679,158130000,93.21963500976562
2020-07-31,102.97869873046875,103.12891115542561,97.71152622340603,99.70791855704327,374336800,102.97869873046875
2020-08-03,105.5735092163086,108.19013023936542,104.56078059833798,104.85878026409463,308151200,105.5735092163086
2020-08-04,106.2785415649414,107.36880152265259,105.04048696818748,105.76248400195036,173071600,106.2785415649414
2020-08-05,106.66378021240234,106.98359161753405,105.5347544170492,105.9999353148589,121776800,106.66378021240234
2020-08-06,110.38516998291016,110.8794231758555,106.406937145771,106.99567567916016,202428800,110.38516998291016
2020-08-07,107.87548828125,110.36333556331454,107.07937744727452,109.90702677912203,198045600,107.87548828125
2020-08-10,109.4434585571289,110.46044277754098,106.79541676618443,109.31967059014084,212403600,109.4434585571289
2020-08-11,106.18861389160156,109.20558233257063,105.9289051039155,108.7080157903305,187902400,106.18861389160156
2020-08-12,109.71770477294922,109.97498398938008,107.08422600127558,107.2783964791796,165598000,109.71770477294922
2020-08-13,111.65943145751953,112.66185296122792,110.60846363412838,111.09632674056478,210082000,111.65943145751953
2020-08-14,111.5599365234375,111.64974056440289,109.75169319709691,111.48469489954057,165565200,111.5599365234375
2020-08-17,111.26866149902344,112.70554822258934,110.64245541048665,112.68127506102117,119561600,111.26866149902344
2020-08-18,112.19583892822266,112.62059332113643,110.686140161124,111.02109052467661,105633600,112.19583892822266
2020-08-19,112.33660888671875,113.74922238512377,112.24195319013168,112.60359883769148,145538000,112.33660888671875
2020-08-20,114.82933807373047,114.94341528440668,112.36090456064325,112.37789651709356,126907200,114.82933807373047
2020-08-21,120.74676513671875,121.22976923366335,115.77592204362502,115.78805492165831,338054800,120.74676513671875
2020-08-24,122.1909408569336,125.03316047656546,120.32687724435412,124.94820069131609,345937600,122.1909408569336
2020-08-25,121.18851470947266,121.53317587987507,119.46765321039159,121.06473415847236,211495600,121.18851470947266
2020-08-26,122.83656311035156,123.29287194891076,121.43851175938384,122.50404222890556,163022400,122.83656311035156
2020-08-27,121.36813354492188,123.77102883487844,120.22493186903937,123.43850794155522,155552400,121.36813354492188
2020-08-28,121.1715316772461,122.75889449051752,120.94822892350749,122.3414212260646,187630000,121.1715316772461
2020-08-31,125.28070831298828,127.18361471555613,122.32927827603109,123.86325036863211,225702700,125.28070831298828
2020-09-01,130.27098083496094,130.87292869764627,126.72732074484928,128.8923509024096,151948100,130.27098083496094
2020-09-02,127.57194519042969,133.96025319602614,123.30013540143739,133.58161557752118,200119000,127.57194519042969
2020-09-03,117.35845184326172,125.08655566898445,116.98952488777601,123.21278864677252,257599600,117.35845184326172
2020-09-04,117.43611907958984,120.09629366493147,107.65948471911047,116.57204769157234,332607200,117.43611907958984
2020-09-08,109.53326416015625,115.52351448044385,109.39734331128103,110.63034169954362,231366600,109.53326416015625
2020-09-09,113.90215301513672,115.66913123084257,111.90216871799983,113.8439033465614,176940500,113.90215301513672
2020-09-10,110.1837387084961,116.98952122909824,109.22258206036143,116.85360038621577,182274400,110.1837387084961
2020-09-11,108.73713684082031,111.87304145706314,106.7954022543771,111.23226548811466,180860300,108.73713684082031
2020-09-14,111.9992446899414,112.55263871695288,109.51382694155708,111.37789025284532,140150100,111.9992446899414
2020-09-15,112.17401123046875,115.36816560750079,110.30023700342959,114.88273194668369,184642000,112.17401123046875
2020-09-16,108.86334228515625,112.62060121644382,108.77596778791039,111.87303669164397,154679000,108.86334228515625
2020-09-17,107.12550354003906,108.93131746592069,105.5429923714999,106.52357050283204,178011000,107.12550354003906
2020-09-18,103.72745513916016,107.64975978247199,102.99930468969426,107.18374764280628,287104900,103.72745513916016
2020-09-21,106.8730697631836,106.97986575435861,100.0964130289504,101.49446425369291,195713800,106.8730697631836
2020-09-22,108.55265808105469,109.57207159281869,105.97986595474057,109.39731520243424,183055400,108.55265808105469
2020-09-23,103.99930572509766,108.84393137946276,103.65949625131259,108.36820848614498,150718700,103.99930572509766
2020-09-24,105.06724548339844,107.03810463761715,101.94105203582586,102.1060976756968,167743300,105.06724548339844
2020-09-25,109.00897979736328,109.16432212155291,104.53328092968297,105.27114215532431,149981400,109.00897979736328
2020-09-28,111.61090850830078,111.96042134324223,109.49441741099088,111.65945483814875,137672400,111.61090850830078
2020-09-29,110.76624298095703,111.95070223231198,110.26139526105185,111.21284844222973,99382200,110.76624298095703
2020-09-30,112.43614196777344,113.84390402616219,110.30994757365427,110.4749932403561,142675200,112.43614196777344
2020-10-01,113.38758087158203,114.29048766143629,112.45554925094682,114.21281650793448,116120400,113.38758087158203
2020-10-02,109.7274169921875,112.00896103141628,108.95072761058432,109.60120691204848,144712000,109.7274169921875
2020-10-05,113.10604095458984,113.25167253166546,110.24198536966455,110.59149819179417,106243800,113.10604095458984
2020-10-06,109.86335754394531,112.73712413305032,108.97986466252809,112.32935419932602,161498200,109.86335754394531
2020-10-07,111.72742462158203,112.18373349473666,110.80509612706318,111.28082649663705,96849000,111.72742462158203
2020-10-08,111.62060546875,113.00894588963777,111.25167118458671,112.86331432521168,83477200,111.62060546875
2020-10-09,113.5623550415039,113.59147987684435,111.57207401243367,111.92158685077898,100506900,113.5623550415039
2020-10-12,120.7759017944336,121.53317715466372,115.80505821466257,116.56233357489269,240226800,120.7759017944336
2020-10-13,117.57202911376953,121.73705073964729,116.16427448485399,121.62054399652054,262330500,117.57202911376953
2020-10-14,117.659423828125,119.44581630770881,116.13516229019277,117.47495664988062,150712000,117.659423828125
2020-10-15,117.1933822631836,117.66910513115165,114.70796452850907,115.26135855246798,112559200,117.1933822631836
2020-10-16,115.55262756347656,118.0089281560019,115.34874631090426,117.74678982617324,115393800,115.55262756347656
2020-10-19,112.6011962890625,116.9118422011094,112.29051903948137,116.46524411778215,120639300,112.6011962890625
2020-10-20,114.08660888671875,115.51378488263892,112.26137377590751,112.81476779400624,124423700,114.08660888671875
2020-10-21,113.46524810791016,115.25164013400696,113.05747826966751,113.27107023085922,89946000,113.46524810791016
2020-10-22,112.37787628173828,114.601163016686,111.25166679554484,114.02834752777623,101988000,112.37787628173828
2020-10-23,111.6885757446289,113.15458745033783,110.95071451824744,112.99924512599237,82572600,111.6885757446289
2020-10-26,111.69828796386719,113.15458894171616,109.59150025316038,110.688585063703,111850700,111.69828796386719
2020-10-27,113.20314025878906,113.86333040398806,111.20315573383206,112.12547682460935,92276800,113.20314025878906
2020-10-28,107.96044158935547,112.06721355762778,107.863356340069,111.6982866474873,143937800,107.96044158935547
2020-10-29,111.96041870117188,113.52351567412646,108.93131000553764,109.09636307884779,146129200,111.96041870117188
2020-10-30,105.68861389160156,108.72742584588708,104.58182577242385,107.82451896896531,190272600,105.68861389160156
2020-11-02,105.60124206542969,107.45560232371076,104.19348732192323,105.93134082759394,122866900,105.60124206542969
2020-11-03,107.22257995605469,108.24198610997585,105.56239787070092,106.4653046968192,107624400,107.22257995605469
2020-11-04,111.6011962890625,112.22255078584597,109.07694271998845,110.81479612438059,138235500,111.6011962890625
2020-11-05,115.56234741210938,116.13516303960806,113.46527764397302,114.51380882447592,126387100,115.56234741210938
2020-11-06,115.43106079101562,115.92705207680842,112.94134718075708,115.07121742885344,114457900,115.43106079101562
2020-11-09,113.12611389160156,118.64042665215963,112.86353074963101,117.19134078148167,154515300,113.12611389160156
2020-11-10,112.78572845458984,114.36124218625869,110.99624681601809,112.37726248118744,138023400,112.78572845458984
2020-11-11,116.20907592773438,116.34523125447596,113.24282640096855,113.97223311704505,112295000,116.20907592773438
2020-11-12,115.93675994873047,117.22051541325983,115.31433350652887,116.33550583009225,103162300,115.93675994873047
2020-11-13,115.98538970947266,116.38412816982795,114.63355658842221,116.16044760960408,81581900,115.98538970947266
2020-11-16,116.996826171875,117.66787522451466,114.90585901966058,115.65471322677983,91183000,116.996826171875
2020-11-17,116.11184692382812,117.35670011994341,115.69365335764155,116.2674572832977,74271000,116.11184692382812
2020-11-18,114.78916931152344,116.53002096182686,114.75999422898965,115.35324564020682,76322100,114.78916931152344
2020-11-19,115.38243103027344,115.7908970620543,113.60267663763,114.36125853091154,74113000,115.38243103027344
2020-11-20,114.11811065673828,115.50884645150772,114.0694879933699,115.3824186228592,73604300,114.11811065673828
2020-11-23,110.72393798828125,114.39042656864258,110.62668524347754,113.96250558761568,127959300,110.72393798828125
2020-11-24,112.00769805908203,112.66902713847026,109.49853707376413,110.78230006896696,113874200,112.00769805908203
2020-11-25,112.8440933227539,113.54432503693381,112.0077062663623,112.37727712657373,76499200,112.8440933227539
2020-11-27,113.38871002197266,114.26399962865095,113.02887409805055,113.36926243956174,46691300,113.38871002197266
2020-11-30,115.78116607666016,117.64844554887398,113.6026659391683,113.75827627180732,169410200,115.78116607666016
2020-12-01,119.35037231445312,120.07977891765921,116.71478401192405,117.68732614953217,127728200,119.35037231445312
2020-12-02,119.70050811767578,119.98254627518949,117.57063810536371,118.66960823368215,89004200,119.70050811767578
2020-12-03,119.56434631347656,120.38127824003541,118.85438720785504,120.1284151780445,78967600,119.56434631347656
2020-12-04,118.89328002929688,119.48653134532607,118.18332098194936,119.23366830409037,78260400,118.89328002929688
2020-12-07,120.35211181640625,121.14959622013072,118.89329833984375,118.95164850453536,86712000,120.35211181640625
2020-12-08,120.96480560302734,121.54833690448348,119.7102251767506,120.9550855226028,82225500,120.96480560302734
2020-12-09,118.43620300292969,122.49170271232049,117.67762117756554,121.1106943933289,115089200,118.43620300292969
2020-12-10,119.85611724853516,120.4688236783502,116.85096494578069,117.19135328461722,81312200,119.85611724853516
2020-12-11,119.0489273071289,119.38931568762648,117.23999771944439,119.06837489176725,86939800,119.0489273071289
2020-12-14,118.43620300292969,119.96309415447033,118.20279492279666,119.23368741163418,79184500,118.43620300292969
2020-12-15,124.36872100830078,124.38817601169539,120.72168696233577,120.92591997852064,157243700,124.36872100830078
2020-12-16,124.30061340332031,124.84523464866267,123.08493568074685,123.91160246802319,98208600,124.30061340332031
2020-12-17,125.16619873046875,126.02204075578122,124.5243172114844,125.36070423445284,94359800,125.16619873046875
2020-12-18,123.18222045898438,125.55522622218948,122.65704668745983,125.41907088363601,192541500,123.18222045898438
2020-12-21,124.70909118652344,124.78689634893868,120.06034032088816,121.5872313887212,121251600,124.70909118652344
2020-12-22,128.2588653564453,130.71939584455194,126.09008564573021,127.99627481697722,168904800,128.2588653564453
2020-12-23,127.36415100097656,128.79377458393498,127.18908566358635,128.53119883757725,88223700,127.36415100097656
2020-12-24,128.34640502929688,129.79549835924004,127.50029800003861,127.71425848740788,54930100,128.34640502929688
2020-12-28,132.93682861328125,133.5689752639016,129.84413593469228,130.31096699096756,124486200,132.93682861328125
2020-12-29,131.16676330566406,134.979126993658,130.65131712079605,134.2594552546887,121047300,131.16676330566406
2020-12-30,130.04832458496094,132.25599920161764,129.7371040047212,131.85725339811574,96452100,130.04832458496094
2020-12-31,129.046630859375,131.04034539862676,128.10326370918978,130.39846396533886,99116600,129.046630859375
2021-01-04,125.85671997070312,129.94139522635723,123.27948103610497,129.85386996883645,143301900,125.85671997070312
2021-01-05,127.41276550292969,128.1227320895685,124.9036045069711,125.35098050896518,97664900,127.41276550292969
2021-01-06,123.12384796142578,127.45166544679954,122.90988747820573,124.21309795786028,155088000,123.12384796142578
2021-01-07,127.32520294189453,128.01571432439997,124.34922665409415,124.83549767732464,109578200,127.32520294189453
2021-01-08,128.42420959472656,128.98828589154797,126.65417554196101,128.79376556588605,105158200,128.42420959472656
2021-01-11,125.43852996826172,126.59585794045339,124.97171371420681,125.64277042681013,100384500,125.43852996826172
2021-01-12,125.26343536376953,126.1289973076945,123.376701166046,124.97166974271053,91951100,125.26343536376953
2021-01-13,127.29606628417969,127.84068762018809,124.96197060419559,125.22454635131636,88636800,127.29606628417969
2021-01-14,125.37043762207031,127.4030475675069,125.22454736600265,127.20854206590191,90221800,125.37043762207031
2021-01-15,123.64900970458984,126.64444134000357,123.51285439569902,125.24397825437474,111598500,123.64900970458984
2021-01-19,124.320068359375,125.17591022451418,123.45450641479232,124.27143828252557,90757300,124.320068359375
2021-01-20,128.40475463867188,128.85213061210496,125.02031169638846,125.12729193961263,104319500,128.40475463867188
2021-01-21,133.1118927001953,135.835014780142,129.9219543562017,130.12619481912182,120150900,133.1118927001953
2021-01-22,135.25146484375,136.01004665089906,131.31266555904966,132.53806351525557,114459400,135.25146484375
2021-01-25,138.9957275390625,141.1061423033731,132.79090363932372,139.14161777095364,157611700,138.9957275390625
2021-01-26,139.22914123535156,140.33783872046894,137.48828243304504,139.6570621664172,98390600,139.22914123535156
2021-01-27,138.15939331054688,140.33789398115397,136.55470402699004,139.49177186525554,140843800,138.15939331054688
2021-01-28,133.3258056640625,138.09127131319642,132.94651480242143,135.68909090953088,142621100,133.3258056640625
2021-01-29,128.33670043945312,132.98545188101477,126.63475125528835,132.1004347436925,177523800,128.33670043945312
2021-02-01,130.45680236816406,131.66275996689077,127.3349355620146,130.0775115262782,106239800,130.45680236816406
2021-02-02,131.2835235595703,132.56727200292497,130.91395264353687,132.00319554575555,83305400,131.2835235595703
2021-02-03,130.26234436035156,132.04209890979024,129.9414035557163,132.03236398733958,89880900,130.26234436035156
2021-02-04,133.61756896972656,133.62728904915303,130.89444790890877,132.55750155942113,84183100,133.61756896972656
2021-02-05,133.20359802246094,133.84643851699295,132.32700815681875,133.77826657108233,75693800,133.20359802246094
2021-02-08,133.34971618652344,133.39841892980013,131.41145995524053,132.49259546322395,71297200,133.34971618652344
2021-02-09,132.47314453125,134.2945265238743,132.31731652057164,133.06728247906966,76774200,132.47314453125
2021-02-10,131.86924743652344,133.42764614924684,130.9049865610518,132.93089894279558,73046600,131.86924743652344
2021-02-11,131.61599731445312,132.84322611365104,130.2913630347836,132.3659630385237,64280000,131.61599731445312
2021-02-12,131.84979248046875,132.0056353585524,130.21348684657468,130.8563275721737,60145100,131.84979248046875
2021-02-16,129.72645568847656,132.47311511495084,129.33684859330893,131.96664818421948,80576300,129.72645568847656
2021-02-17,127.43760681152344,128.78172577037512,126.10323732234234,127.83694865610929,97918500,127.43760681152344
2021-02-18,126.33695983886719,126.61941198787154,124.09676726976038,125.84021263400942,96856700,126.33695983886719
2021-02-19,126.49279022216797,127.31095773335569,125.45062277040475,126.85317866159306,87668800,126.49279022216797
2021-02-22,122.72342681884766,126.34669108531578,122.33382715227125,124.68115232492676,103916400,122.72342681884766
2021-02-23,122.5870590209961,123.41495360711981,115.31131234938887,120.54167021086835,158273000,122.5870590209961
2021-02-24,122.09033966064453,122.29487783267318,119.05147832650884,121.69100535268275,111039900,122.09033966064453
2021-02-25,117.8437271118164,123.17148430278391,117.40543205845579,121.43777330096201,148199500,117.8437271118164
2021-02-26,118.10670471191406,121.6033452358005,118.04825992472897,119.40211317040608,164560400,118.10670471191406
2021-03-01,124.46688842773438,124.60324720609326,119.59691082635653,120.53194563410155,116307900,124.46688842773438
2021-03-02,121.86631774902344,125.37270000855568,121.75917765120198,125.07076378614747,102260900,121.86631774902344
2021-03-03,118.88587951660156,122.4409643135904,118.6715993335673,121.56436694253905,112966300,118.88587951660156
2021-03-04,117.0060806274414,120.38584631369558,115.53535272389263,118.58395606502583,178155000,117.0060806274414
2021-03-05,118.2625503540039,118.76903225470893,114.51266857773292,117.83399731994245,153766600,118.2625503540039
2021-03-08,113.33412170410156,117.85346041822143,113.18802088680535,117.78528102761602,154376600,113.33412170410156
2021-03-09,117.94112396240234,118.88590088596752,115.70093853482196,115.93469539878758,129525800,117.94112396240234
2021-03-10,116.86000061035156,118.99304601715157,116.34377667711071,118.52553226949556,111943300,116.86000061035156
2021-03-11,118.78850555419922,120.00600008566362,118.1067115889779,119.35342480023796,103026500,118.78850555419922
2021-03-12,117.88268280029297,118.01904158578925,116.06131583787986,117.2690682655597,88105100,117.88268280029297
2021-03-15,120.76571655273438,120.77545858975141,117.28855243734995,118.25281346511821,92403800,120.76571655273438
2021-03-16,122.30463409423828,123.9117284110974,121.47673927373422,122.4312508542222,115227900,122.30463409423828
2021-03-17,121.51569366455078,122.58708734300565,119.15861865475401,120.82415767726631,111932600,121.51569366455078
2021-03-18,117.39569091796875,119.97678079779097,117.19115272943903,119.68457913932171,121229700,117.39569091796875
2021-03-19,116.86972045898438,118.27227638684158,116.56778422545804,116.78206442899135,185549500,116.86972045898438
2021-03-22,120.18132019042969,120.64884136246526,117.13271654370864,117.20089594056832,111912300,120.18132019042969
2021-03-23,119.35343170166016,121.00922138779639,118.96383194286418,120.12288918175794,95467100,119.35343170166016
2021-03-24,116.96712493896484,119.70405755554833,116.94764829711929,119.62613612617307,88530500,116.96712493896484
2021-03-25,117.45411682128906,118.4962991670475,115.90546750304253,116.43142597838931,98844700,117.45411682128906
2021-03-26,118.05799102783203,118.32097396831911,115.82754049090362,117.22035432205121,94071200,118.05799102783203
2021-03-29,118.23332214355469,119.39237925463331,117.59048892877756,118.4865630734955,80819200,118.23332214355469
2021-03-30,116.7820816040039,117.26907943602144,115.76912522168777,116.9866198017316,85671900,116.7820816040039
2021-03-31,118.97354888916016,120.30791793555011,117.99955341308188,118.48655115112102,118323800,118.97354888916016
2021-04-01,119.80146026611328,120.9507753854183,119.30472042335516,120.44430093685868,75089100,119.80146026611328
2021-04-05,122.62603759765625,122.87927851383142,119.86962848939254,120.64882787870255,88651200,122.62603759765625
2021-04-06,122.927978515625,123.82405264578033,122.38254338092113,123.21043811923847,80171300,122.927978515625
2021-04-07,124.57403564453125,124.59351228641088,121.88580577435263,122.55786509964642,83466700,124.57403564453125
2021-04-08,126.97004699707031,126.9992656715053,125.17789894243262,125.59670985066151,88844600,126.97004699707031
2021-04-09,129.5414276123047,129.58038090088027,126.10322399320837,126.4246443564377,106686700,129.5414276123047
2021-04-12,127.82721710205078,129.39535097083947,127.23307905581414,129.07393056595765,91420000,127.82721710205078
2021-04-13,130.93423461914062,131.15826433043802,128.49924537282473,128.99599269074992,91266500,130.93423461914062
2021-04-14,128.5966339111328,131.4894019428346,128.2362603060902,131.43096458655666,87222800,128.5966339111328
2021-04-15,131.00238037109375,131.48937806764056,130.16474373855363,130.3400706375454,89347100,131.00238037109375
2021-04-16,130.6712188720703,131.1679511470198,129.8140982138144,130.8075776257029,84922400,130.6712188720703
2021-04-19,131.33355712890625,131.9471790846723,129.87256379574342,130.0381412567294,94264200,131.33355712890625
2021-04-20,129.64857482910156,132.00564275979164,128.38237738217003,131.50891027779352,94812300,129.64857482910156
2021-04-21,130.02841186523438,130.27191076385841,127.88562452974153,128.9180574819885,68847100,130.02841186523438
2021-04-22,128.50894165039062,130.6614629304673,127.99272533279819,129.58032755811567,84566500,128.50894165039062
2021-04-23,130.82708740234375,131.60627194079382,128.72325347974677,128.72325347974677,78657500,130.82708740234375
2021-04-26,131.21669006347656,131.5478450047434,130.08685158645528,131.32383017529745,66905100,131.21669006347656
2021-04-27,130.89527893066406,131.88875868630524,130.62256132903624,131.49915149684074,66015800,130.89527893066406
2021-04-28,130.10635375976562,131.5089100143574,129.619355885921,130.81736649421998,107760100,130.10635375976562
2021-04-29,130.0089569091797,133.5056131716573,129.00574241112523,132.92120973927757,151101000,130.0089569091797
2021-04-30,128.0414581298828,130.08683981317637,127.66160046998598,128.3531289693404,109839500,128.0414581298828
2021-05-03,129.09336853027344,130.58359545105438,128.401839986388,128.60637073689202,75135100,129.09336853027344
2021-05-04,124.52532196044922,128.07067238199318,123.40522566029897,127.77847076247717,137564700,124.52532196044922
2021-05-05,124.76882934570312,127.05770985077288,124.64220517501703,125.84021547722773,84000900,124.76882934570312
2021-05-06,126.36617279052734,126.37590739453778,123.82403668567083,124.56427529521159,78128300,126.36617279052734
2021-05-07,127.03938293457031,128.06380344320834,126.32714777247271,127.66379828936026,78973300,127.03938293457031
2021-05-10,123.76119232177734,126.38568557584613,123.72216543128324,126.25886120807223,88071200,123.76119232177734
2021-05-11,122.84407806396484,123.19530516720471,119.78053064001386,120.49275831659119,126142800,122.84407806396484
2021-05-12,119.78053283691406,121.60500079746393,119.27319817304675,120.39519702699735,112172300,119.78053283691406
2021-05-13,121.92697143554688,123.07823863645709,121.23426088704589,121.54646856304096,105861300,121.92697143554688
2021-05-14,124.34658813476562,124.77587651193251,122.78554964091157,123.17581112527975,81918000,124.34658813476562
2021-05-17,123.19532775878906,123.83926036065176,122.12211419930365,123.73193826034131,74244600,123.19532775878906
2021-05-18,121.80990600585938,123.89779649597985,121.74161080080381,123.47826668103308,63342900,121.80990600585938
2021-05-19,121.65380859375,121.8782039395482,119.86836719410006,120.16106519010208,92612000,121.65380859375
2021-05-20,124.20999145507812,124.61001150333645,122.05380598133526,122.1806452374261,76857100,124.20999145507812
2021-05-21,122.37578582763672,124.88320615344152,122.16114162608143,124.70758884704348,79295400,122.37578582763672
2021-05-24,124.00509643554688,124.82464619337513,122.87334646207267,122.94164165492356,63092900,124.00509643554688
2021-05-25,123.80998992919922,125.19541862484827,123.24411112700588,124.70758616767343,72009500,123.80998992919922
2021-05-26,123.76119232177734,124.28804417802037,123.34166255348855,123.86851440973157,56575900,123.76119232177734
2021-05-27,122.22943115234375,124.5319657543007,122.03430412924318,123.36118872845968,94625600,122.22943115234375
2021-05-28,121.57575988769531,122.73678589181651,121.51722326349409,122.51238309301259,71311100,121.57575988769531
2021-06-01,121.2537841796875,122.2977294109628,120.92206674340329,122.03430717883234,67637100,121.2537841796875
2021-06-02,122.01477813720703,122.19039542274523,121.02937706510446,121.25377238108098,59278900,122.01477813720703
2021-06-03,120.53179168701172,121.80989069682863,120.13177164794705,121.64403199734149,76229200,120.53179168701172
2021-06-04,122.82456970214844,123.08799935298282,120.83424294183042,121.04888711847525,75169300,122.82456970214844
2021-06-07,122.83432006835938,123.24409122711307,121.79037500565761,123.0977422579531,71057600,122.83432006835938
2021-06-08,123.65387725830078,125.33200387040455,123.13678395621102,123.51728685562117,74403800,123.65387725830078
2021-06-09,124.03437805175781,124.63928371308171,123.43923097435068,124.1124318358548,56877900,124.03437805175781
2021-06-10,123.03921508789062,125.06856875877892,122.87335638380547,123.92705266664278,71186400,123.03921508789062
2021-06-11,124.24903869628906,124.3368510759359,123.02947607177971,123.4490059123557,53522400,124.24903869628906
2021-06-14,127.30278778076172,127.36132438958391,123.97582567545629,124.70756306020407,96906500,127.30278778076172
2021-06-15,126.48326873779297,127.41989931286103,126.23935623136502,126.77596672295411,62746300,126.48326873779297
2021-06-16,126.9808120727539,127.70279826458582,125.33197646072955,127.19545621391383,91815000,126.9808120727539
2021-06-17,128.5809326171875,129.3224362930399,126.49304179588825,126.63939825744673,96721700,128.5809326171875
2021-06-18,127.28330993652344,128.30773056203458,127.06866573814787,127.52722244492858,108953300,127.28330993652344
2021-06-21,129.07850646972656,129.18582857227696,126.06375134431808,127.12720634134745,79663300,129.07850646972656
2021-06-22,130.71759033203125,130.8151612925248,128.41505560442437,128.91264666080772,74783600,130.71759033203125
2021-06-23,130.44439697265625,131.04931007255976,129.98584029942936,130.51269961588608,60214200,130.44439697265625
2021-06-24,130.16146850585938,131.36151382298493,129.69314579268672,131.17613794325877,68711000,130.16146850585938
2021-06-25,129.86878967285156,130.62979558487248,129.57609165578822,130.2102731739654,70783700,129.86878967285156
2021-06-28,131.49807739257812,131.95663398446408,130.10290533994575,130.1614419453381,62111300,131.49807739257812
2021-06-29,133.0103759765625,133.16648356087228,131.07859300425446,131.51763255879192,64556100,133.0103759765625
2021-06-30,133.6250457763672,134.0640853489463,132.56157584088896,132.8542738516881,63261400,133.6250457763672
2021-07-01,133.927490234375,133.98602685703514,132.45424909031448,133.27380646927242,52485800,133.927490234375
2021-07-02,136.5519561767578,136.59097561940857,134.3957635112395,134.5421050302235,78852600,136.5519561767578
2021-07-06,138.56179809570312,139.66427232062847,136.65928383502748,136.65928383502748,108181800,138.56179809570312
2021-07-07,141.04969787597656,141.36189806872017,139.18620319634806,140.0447648918188,104911600,141.04969787597656
2021-07-08,139.75210571289062,140.55213093920304,137.24467816832617,138.13252320539087,105575500,139.75210571289062
2021-07-09,141.5765838623047,142.10342835570765,139.17647811244083,139.27404907544525,99890800,141.5765838623047
2021-07-12,140.98138427734375,142.75707391030753,140.4935594182526,142.64975184581814,76299700,140.98138427734375
2021-07-13,142.09365844726562,143.86934850619764,140.1326074026889,140.5228614286861,100827100,142.09365844726562
2021-07-14,145.5181884765625,145.9279745686904,144.0839818158266,144.4937679079545,127050800,145.5181884765625
2021-07-15,144.86453247070312,146.3475248913628,143.50837933553277,145.606036124653,106820300,144.86453247070312
2021-07-16,142.8253936767578,146.1133292004128,142.32781756831105,144.8449961921481,93251400,142.8253936767578
2021-07-19,138.98129272460938,140.56185531572203,138.22028717183505,140.24964027497742,121434600,138.98129272460938
2021-07-20,142.5912628173828,143.51814236544809,139.47895135835654,139.96677643113202,96350000,142.5912628173828
2021-07-21,141.85952758789062,142.5717629249031,141.10828768202705,141.98636687285668,74993500,141.85952758789062
2021-07-22,143.2254180908203,144.59132208932277,142.25951926436974,142.38635852395822,77338200,143.2254180908203
2021-07-23,144.94252014160156,145.09862766986717,143.3424551949622,143.95711928298726,71447400,144.94252014160156
2021-07-26,145.36212158203125,146.181664137203,144.10352454843763,144.6596522812441,72434100,145.36212158203125
2021-07-27,143.1961212158203,145.5767090416399,142.00582730291055,145.48888924785527,104818600,143.1961212158203
2021-07-28,141.44973754882812,143.391286472983,139.06914908747908,141.28387882976534,118931200,141.44973754882812
2021-07-29,142.09365844726562,142.98150347673163,141.05947187985987,141.16679397009463,56699500,142.09365844726562
2021-07-30,142.3083038330078,142.76686050541852,140.60091640214495,140.86434605990442,70440600,142.3083038330078
2021-08-02,141.9765625,143.37173456258094,141.7131328866216,142.79610475580563,62880000,141.9765625
2021-08-03,143.77178955078125,144.43522442777342,141.64486473611035,142.25952902121162,64786600,143.77178955078125
2021-08-04,143.3717498779297,144.191292221281,142.7180662311683,143.6839649919127,56368300,143.3717498779297
2021-08-05,143.47911071777344,144.2401166546182,142.61078266741262,143.40105691819448,46397700,143.47911071777344
2021-08-06,142.79505920410156,143.74285845356675,142.2967377582171,143.00025915801677,54126800,142.79505920410156
2021-08-09,142.74624633789062,143.34228507821692,142.18930041536296,142.8537292225246,48908700,142.74624633789062
2021-08-10,142.26748657226562,144.32919310328901,141.9743500451473,143.0882569205625,69023100,142.26748657226562
2021-08-11,142.52151489257812,143.36183156118472,142.19906623850963,142.70716850336376,48493500,142.52151489257812
2021-08-12,145.48214721679688,145.63848865290169,142.5019538202862,142.84394884807298,72282600,145.48214721679688
2021-08-13,145.6873779296875,146.01959236929383,144.87637333214747,145.56034862237908,59375000,145.6873779296875
2021-08-16,147.66111755371094,147.72952253031957,143.1175540441941,145.1401675406519,103296000,147.66111755371094
2021-08-17,146.75242614746094,148.20831321235303,145.67759718518755,146.7915040599331,92229700,146.75242614746094
2021-08-18,143.01007080078125,147.2702784625577,142.8048707810112,146.37133747643588,86326000,143.01007080078125
2021-08-19,143.3423309326172,144.61257954567083,141.19268746182053,141.71055564175415,86960300,143.3423309326172
2021-08-20,144.79818725585938,145.10108950161558,143.42045616108942,144.06535347049768,60549600,144.79818725585938
2021-08-23,146.28341674804688,146.7524262457425,144.50506608373868,144.91545125791524,60131800,146.28341674804688
2021-08-24,146.19546508789062,147.40708910674365,145.7362213417673,146.02935786837372,48606400,146.19546508789062
2021-08-25,144.96429443359375,146.87943995254733,144.41711425947602,146.3811034364789,58991300,144.96429443359375
2021-08-26,144.16305541992188,145.70689371393732,144.13374326132688,144.95452843061085,48597200,144.16305541992188
2021-08-27,145.1988067626953,145.34536755607812,143.4693148530707,144.10443150378484,55802400,145.1988067626953
2021-08-30,149.6153564453125,149.97689795560206,145.20858752404757,145.58966053577964,90956700,149.6153564453125
2021-08-31,148.3549041748047,149.30270392723426,147.8272553901817,149.16590885521063,86453100,148.3549041748047
2021-09-01,149.019287109375,151.43275399237308,148.85317992388826,149.3319699829077,80313700,149.019287109375
2021-09-02,150.13320922851562,151.17872592141705,148.91181958328025,150.34817499884036,71115500,150.13320922851562
2021-09-03,150.76834106445312,151.09078972052774,149.5860293255129,150.24069238740682,57808700,150.76834106445312
2021-09-07,153.10362243652344,153.6605683081019,150.85626272401808,151.42298925392222,82278300,153.10362243652344
2021-09-08,151.559814453125,153.4456331023822,150.45567332943037,153.38700877891932,74420200,151.559814453125
2021-09-09,150.54359436035156,152.5368955037672,150.42633082753412,151.9310910707807,57305700,150.54359436035156
2021-09-10,145.5603485107422,151.92134106933233,145.2965241455898,151.45233157203938,140893200,145.5603485107422
2021-09-13,146.12709045410156,147.954284971399,145.3453979370689,147.18237311566395,102404300,146.12709045410156
2021-09-14,144.7297821044922,147.61227358439965,143.5474852815467,146.9087519585389,109296300,144.7297821044922
2021-09-15,145.6189422607422,146.01956159972383,143.01982179601146,145.1596986106003,83281300,145.6189422607422
2021-09-16,145.3844451904297,145.56033305169905,143.8503875542624,145.04246503666727,68034100,145.3844451904297
2021-09-17,142.71693420410156,145.41377207009813,142.42379770872697,145.41377207009813,129868800,142.71693420410156
2021-09-20,139.66836547851562,141.52487196661303,138.0365905336095,140.50868223734292,123478900,139.66836547851562
2021-09-21,140.14712524414062,141.29035906389458,139.51200859720305,140.6356810985669,75834000,140.14712524414062
2021-09-22,142.5117645263672,143.07847626004042,140.41096517330857,141.14379903633161,76404300,142.5117645263672
2021-09-23,143.46929931640625,143.71357721861844,142.30653411634987,143.29341147385273,64838200,143.46929931640625
2021-09-24,143.5572509765625,144.09466540021555,142.2283784515029,142.32609558654582,53477900,143.5572509765625
2021-09-27,142.04270935058594,142.61921652920344,140.52819828937186,142.1404264749726,74150700,142.04270935058594
2021-09-28,138.6619110107422,141.4369043819852,138.44694526555043,139.97123697906306,108972300,138.6619110107422
2021-09-29,139.5608673095703,141.14378350850296,138.77917495976774,139.2091064976362,74602000,139.5608673095703
2021-09-30,138.2612762451172,141.07536211571664,138.0463105239165,140.37184064806678,89056700,138.2612762451172
2021-10-01,139.38494873046875,139.64877300866175,135.9259806000398,138.65211510957346,94639600,139.38494873046875
2021-10-04,135.95535278320312,138.95509355251514,135.1052701786628,138.51538125819243,98322000,135.95535278320312
2021-10-05,137.88021850585938,138.9843593851802,136.1702732054442,136.29730248452776,80861100,137.88021850585938
2021-10-06,138.7498779296875,138.8964387383312,135.20295726507902,136.27778622694314,83221100,138.7498779296875
2021-10-07,140.0102996826172,140.91902112673358,139.45335388293273,139.78556821323843,61732700,140.0102996826172
2021-10-08,139.6292724609375,140.87997439192273,139.2970580219821,140.73341358342566,58773200,139.6292724609375
2021-10-11,139.54132080078125,141.49554421911762,138.56420909161307,139.01368703802868,64452200,139.54132080078125
2021-10-12,138.2710723876953,139.97125212650982,137.81182869231796,139.95170571768443,73035900,138.2710723876953
2021-10-13,137.684814453125,138.16358964828814,136.0139468710265,138.00726310614547,78762700,137.684814453125
2021-10-14,140.46958923339844,140.58685278975153,138.27108764845218,138.85736070158842,69907100,140.46958923339844
2021-10-15,141.52487182617188,141.58349614959462,140.22531132197605,140.4793699361988,67940300,141.52487182617188
2021-10-18,143.1957244873047,143.47908032380766,139.88331637742027,140.16667221392322,85589200,143.1957244873047
2021-10-19,145.3551483154297,145.75576773810008,143.19573955238386,143.64520263819782,76378900,145.3551483154297
2021-10-20,145.84373474121094,146.32252499845887,144.72982763476645,145.2965543955254,58418800,145.84373474121094
2021-10-21,146.0586700439453,146.21501151275598,144.48551942420278,145.40400691653662,61421000,146.0586700439453
2021-10-22,145.2867431640625,146.74263007605518,145.23788459644618,146.26385487822307,58883400,145.2867431640625
2021-10-25,145.23789978027344,145.95118723150932,144.24124155296286,145.27697769272697,50720600,145.23789978027344
2021-10-26,145.90231323242188,147.387512149544,145.5993961083312,145.912078981119,60893400,145.90231323242188
2021-10-27,145.44308471679688,146.30293288736218,145.09132390307514,145.94140632392705,56094900,145.44308471679688
2021-10-28,149.0779266357422,149.6641846605071,146.2931525621037,146.39086968766787,100077900,149.0779266357422
2021-10-29,146.37135314941406,146.5081482073945,143.0589446865979,143.85040287273776,124953200,146.37135314941406
2021-11-01,145.5505828857422,146.2736360885386,144.41712959922393,145.57989504750188,74588300,145.5505828857422
2021-11-02,146.5863037109375,148.10082985163274,145.2476505224247,145.25743118168475,69122000,146.5863037109375
2021-11-03,148.0226593017578,148.49166875101167,146.39088452432864,146.94783044977856,54511500,148.0226593017578
2021-11-04,147.50473022460938,148.94107013652447,147.19204744818202,148.11053446701814,60394600,147.50473022460938
2021-11-05,148.03318786621094,148.93344079375584,146.83937063089465,148.6300964838691,65463900,148.03318786621094
2021-11-08,147.2112274169922,148.31697989696048,146.93723803048172,148.16041026715402,55020900,147.2112274169922
2021-11-09,147.5732879638672,148.17997664131613,146.83938459031998,146.97637928946335,56787900,147.5732879638672
2021-11-10,144.7452850341797,146.90785977516097,144.67679516407316,146.80022003816552,65187100,144.7452850341797
2021-11-11,144.69638061523438,146.22289720379737,144.51045604306032,145.76299817171153,41000000,144.69638061523438
2021-11-12,146.77090454101562,147.17209373098063,144.3147648635999,145.24437287945577,63804000,146.77090454101562
2021-11-15,146.78065490722656,148.6203105600799,146.22288125155492,147.1427090779816,59222800,146.78065490722656
2021-11-16,147.75921630859375,148.23870523347338,146.1348398835429,146.72196856987298,59256200,147.75921630859375
2021-11-17,150.19581604003906,151.67340317310033,147.7494708275697,147.75925083314934,88807000,150.19581604003906
2021-11-18,154.4817352294922,155.26456834184324,149.765191484069,150.4110299216061,137827700,154.4817352294922
2021-11-19,157.10423278808594,157.56414670764048,153.17050700157068,154.26646446197273,117305600,157.10423278808594
2021-11-22,157.56417846679688,162.14372871908944,157.54460352782965,158.21000213967926,117467900,157.56417846679688
2021-11-23,157.94580078125,158.32742995233392,155.64623082003743,157.6620164381372,96041900,157.94580078125
2021-11-24,158.4644012451172,158.660105803449,156.21376149604953,157.29993896578694,69463600,158.4644012451172
2021-11-26,153.44454956054688,157.00642747293296,153.00421042336373,156.1453241403742,76959800,153.44454956054688
2021-11-29,156.8009033203125,157.73051124922804,155.38201155737082,155.9495652762871,88748200,156.8009033203125
2021-11-30,161.7522735595703,161.9675530331192,156.4877363212738,156.556241122539,174048100,161.7522735595703
2021-12-01,161.23367309570312,166.6449857878265,160.99881865483053,163.88550209995378,152052500,161.23367309570312
2021-12-02,160.245361328125,160.6759203936693,154.41328379839803,155.3331118145511,136739200,160.245361328125
2021-12-03,158.36656188964844,161.41961013164072,156.29206642790317,160.49978216462458,118023100,158.36656188964844
2021-12-06,161.77186584472656,164.27692006238982,160.75417823673777,160.76395823883925,107497000,161.77186584472656
2021-12-07,167.50607299804688,167.8974970290668,164.7270295686555,165.45115282756737,120405400,167.50607299804688
2021-12-08,171.32241821289062,172.18353634737676,167.03641741062992,168.4357343791699,116998900,171.32241821289062
2021-12-09,170.8135528564453,172.95655298827864,170.18728927314578,171.15604705270513,108923700,170.8135528564453
2021-12-10,175.59861755371094,175.77476213435622,170.94078267392138,171.4496265464153,115402700,175.59861755371094
2021-12-13,171.96826171875,178.2211185132973,171.76276218304858,177.23278564494396,153237000,171.96826171875
2021-12-14,170.58848571777344,173.92530298904865,168.51399049049428,171.48873864529648,139380400,170.58848571777344
2021-12-15,175.45181274414062,175.64751729804553,168.6118288401074,171.3517373886768,131063300,175.45181274414062
2021-12-16,168.56292724609375,177.25234826512832,167.0853404452438,175.4322672390144,150185800,168.56292724609375
2021-12-17,167.46694946289062,169.74694420568176,166.0480727156741,166.2829122189755,195432700,167.46694946289062
2021-12-20,166.10679626464844,166.91898445345717,163.8659512088188,164.66834446331637,107499100,166.10679626464844
2021-12-21,169.2772674560547,169.48275204230814,165.49031583648394,167.8779505711604,91185900,169.2772674560547
2021-12-22,171.870361328125,172.08564081700152,168.4552593739479,169.32615733120278,92135300,171.870361328125
2021-12-23,172.4966278076172,173.0544014741378,171.50831008728667,172.07586375572322,68356600,172.4966278076172
2021-12-27,176.45970153808594,176.54776634572997,173.26967407814607,173.28923408120028,74919600,176.45970153808594
2021-12-28,175.44204711914062,177.43827272382592,174.69836371754772,176.29338521436063,79144300,175.44204711914062
2021-12-29,175.53013610839844,176.75330850310786,174.31674371757737,175.48120622634931,62348900,175.53013610839844
2021-12-30,174.3754425048828,176.69458737092964,174.26780274374727,175.61818975957434,59773000,174.3754425048828
2021-12-31,173.75894165039062,175.3833028387427,173.45558242966288,174.2677704894889,64062300,173.75894165039062
2022-01-03,178.10369873046875,178.95503695678516,173.89599721111708,174.01341699489652,104487900,178.10369873046875
2022-01-04,175.84323120117188,179.01369889567948,175.2756775127618,178.71035458130368,99310400,175.84323120117188
2022-01-05,171.1658477783203,176.30317175638402,170.8918583606612,175.75519292106577,94537600,171.1658477783203
2022-01-06,168.30850219726562,171.53767993498516,167.95622799076347,168.99347567343597,96904000,168.30850219726562
2022-01-07,168.474853515625,170.40257420223315,167.35932100577125,169.17940193566972,86709100,168.474853515625
2022-01-10,168.4944305419922,168.79777487885306,164.56070430318124,165.4511773077938,106765600,168.4944305419922
2022-01-11,171.32241821289062,171.42026304461638,167.1538521125257,168.62165897014336,76138300,171.32241821289062
2022-01-12,171.76272583007812,173.37730710526796,171.06797240622825,172.34005950483805,74805200,171.76272583007812
2022-01-13,168.4944305419922,172.82934594142114,168.10300645305696,172.00737775161056,84505800,168.4944305419922
2022-01-14,169.3555145263672,170.05026788105346,167.41799927146064,167.6626336785782,80440800,169.3555145263672
2022-01-18,166.1557159423828,168.83689986985863,165.77408681023036,167.82900716362772,90956700,166.1557159423828
2022-01-19,162.66232299804688,167.40823697043027,162.3785536255594,166.35141442818917,94815000,162.66232299804688
2022-01-20,160.97927856445312,166.0383181560068,160.65635923759166,163.3962685823185,91420500,160.97927856445312
2022-01-21,158.92430114746094,162.76016689126735,158.81666141018044,160.89115642180548,122848900,158.92430114746094
2022-01-24,158.1512908935547,158.8167044309835,151.3798104055977,156.58563920962845,162294600,158.1512908935547
2022-01-25,156.3507843017578,159.26682305990172,153.65002507588994,155.56795099632697,115798400,156.3507843017578
2022-01-26,156.26272583007812,160.8618511560036,154.43286466260852,159.99095298775666,108275300,156.26272583007812
2022-01-27,155.80279541015625,160.32363543352318,154.88296745549835,158.96346843901696,121954600,155.80279541015625
2022-01-28,166.67431640625,166.69389133962514,159.3059292425837,162.15347733104576,179935700,166.67431640625
2022-01-31,171.02879333496094,171.2440727924038,165.87189621924904,166.5079545912569,115541600,171.02879333496094
2022-02-01,170.86245727539062,171.0875167509808,168.61181772559075,170.2753287210778,86213900,170.86245727539062
2022-02-02,172.0660858154297,172.105235689561,169.6099612749151,170.9994831805343,84914300,172.0660858154297
2022-02-03,169.18917846679688,172.45750604377838,168.4259201826274,170.73526997176376,89418100,169.18917846679688
2022-02-04,168.90505981445312,170.580497991328,167.22962163757825,168.20940619823992,82465400,168.90505981445312
2022-02-07,168.18983459472656,170.43353483823722,167.49418092340588,169.36557317059368,77251200,168.18983459472656
2022-02-08,171.29574584960938,171.80523803495097,167.96446919200875,168.25840756625686,74829200,171.29574584960938
2022-02-09,172.71641540527344,173.07893089654075,171.36430797248656,172.49106914991745,71285000,172.71641540527344
2022-02-10,168.64048767089844,171.9325638827204,168.08201833200982,170.61965636290995,90865900,168.64048767089844
2022-02-11,165.23086547851562,169.58111126110254,164.64298876993468,168.8462728505392,98670700,165.23086547851562
2022-02-14,165.46600341796875,166.1518495458794,163.19289630795137,163.98651932384257,86185500,165.46600341796875
2022-02-15,169.29696655273438,169.45373566949445,166.80832036305304,167.5137664381475,62527400,169.29696655273438
2022-02-16,169.0618133544922,169.83583650795123,166.612352178537,168.37596721528965,61177400,169.0618133544922
2022-02-17,165.46600341796875,168.43474911832254,165.06428820364812,167.57253401447812,69589300,165.46600341796875
2022-02-18,163.91798400878906,167.09247688230448,162.8304223890737,166.38704564955626,82772700,163.91798400878906
2022-02-22,160.99818420410156,163.32026851174712,158.872038841447,161.64483056360834,91162800,160.99818420410156
2022-02-23,156.83412170410156,162.7911986729469,156.52058346872764,162.19352949330056,90009200,156.83412170410156
2022-02-24,159.4501495361328,159.5579264390306,148.9272576589058,149.49553451506446,141147500,159.4501495361328
2022-02-25,161.51748657226562,161.78201763247694,157.61793335879435,160.52789462372328,91974200,161.51748657226562
2022-02-28,161.78201293945312,162.07595128148682,159.14639022474867,159.76365924798694,95056600,161.78201293945312
2022-03-01,159.9008331298828,163.23210951924372,158.69570233786408,161.37050993245586,83474400,159.9008331298828
2022-03-02,163.19287109375,163.9767015261093,159.65584916238132,161.06674095056368,79724800,163.19287109375
2022-03-03,162.8695526123047,165.4953825137644,162.2033064128783,165.06427499633645,76678400,162.8695526123047
2022-03-04,159.87142944335938,162.2033212553789,158.82306783943153,161.16475211398938,83737200,159.87142944335938
2022-03-07,156.0796661376953,161.68403439715155,155.82491261205914,160.05758861933697,96418800,156.0796661376953
2022-03-08,154.2572784423828,159.58730866544224,152.65043241487155,155.60938587479396,131148300,154.2572784423828
2022-03-09,159.6558837890625,160.10659124427465,156.1874531828048,158.21559935544633,91454900,159.6558837890625
2022-03-10,155.3154296875,157.14762175986647,152.82676890064815,156.961460328922,105342000,155.3154296875
2022-03-11,151.60205078125,156.06007322521145,151.37670453340775,155.71714267170483,96970100,151.60205078125
2022-03-14,147.5751495361328,151.00439558659642,147.06567231572745,148.38837253642478,108732100,147.5751495361328
2022-03-15,151.9547882080078,152.4250955746164,147.34001116939965,147.8494883910694,92964300,151.9547882080078
2022-03-16,156.36380004882812,156.76551526978483,151.33751588171134,153.87515407206308,102300200,156.36380004882812
2022-03-17,157.37298583984375,157.7453087439647,154.44343967423552,155.40362432397723,75615400,157.37298583984375
2022-03-18,160.66505432128906,161.1549465596943,156.53036263312293,157.2652009907308,123511700,160.66505432128906
2022-03-21,162.03677368164062,162.9871658912754,159.71467413165345,160.2045664067095,95811400,162.03677368164062
2022-03-22,165.40724182128906,165.99510360566663,161.57628048257416,162.1641422669517,81532000,165.40724182128906
2022-03-23,166.76907348632812,169.14994189085058,164.26081340273768,164.59395138943785,98062700,166.76907348632812
2022-03-24,170.55111694335938,170.61969409297694,166.769147690774,167.60195565228418,90131400,170.55111694335938
2022-03-25,171.18795776367188,171.73663471959298,169.25778100424003,170.36494232979024,80546200,171.18795776367188
2022-03-28,172.05020141601562,172.17756326235886,168.5229704725063,168.68953207951532,90371900,172.05020141601562
2022-03-29,175.34225463867188,175.39123190730578,172.77520887835874,173.11813946075333,100589400,175.34225463867188
2022-03-30,174.17628479003906,175.97908457885987,173.12790825883917,174.9405154603071,92633200,174.17628479003906
2022-03-31,171.0801544189453,174.4310152677539,170.87439311711938,174.24485383998842,103049300,171.0801544189453
2022-04-01,170.78627014160156,171.3447546015878,168.4641851666293,170.51193161925582,78751300,170.78627014160156
2022-04-04,174.83274841308594,174.8817406281064,170.9136104166494,171.0409871856376,76468400,174.83274841308594
2022-04-05,171.52105712890625,174.695564012496,170.89399570193683,173.9117334912033,73401800,171.52105712890625
2022-04-06,168.35638427734375,170.11999949152553,166.69075350018778,168.87566890286308,89058800,168.35638427734375
2022-04-07,168.6601104736328,169.85544881098227,166.41641045043957,167.69992580849703,77594700,168.6601104736328
2022-04-08,166.6515350341797,168.30737316185164,165.77952746373003,168.30737316185164,76575500,166.6515350341797
2022-04-11,162.39927673339844,165.61296861541499,162.1543306146452,165.29944535757966,72246700,162.39927673339844
2022-04-12,164.2706756591797,166.4359910689201,163.27129126604743,164.62339868320723,79265200,164.2706756591797
2022-04-13,166.95526123046875,167.5823226689275,163.39865390857594,164.00611547230426,70618900,166.95526123046875
2022-04-14,161.9485626220703,167.80768430539896,161.70361651341247,167.17081545269417,75329400,161.9485626220703
2022-04-18,161.73301696777344,163.23208589340007,160.26334037791807,160.60625594535696,69023900,161.73301696777344
2022-04-19,164.0159454345703,164.42746814637917,160.59650655333354,161.68406811950865,67723800,164.0159454345703
2022-04-20,163.84938049316406,165.46603411276996,162.7422340206999,165.34844979022682,67929800,163.84938049316406
2022-04-21,163.0557403564453,168.06243992326603,162.55605562621574,165.49540922825548,87227800,163.0557403564453
2022-04-22,158.51930236816406,164.47639297111272,158.2351714866705,163.0949084089232,84882400,158.51930236816406
2022-04-25,159.5873260498047,159.87145701566283,155.25667975939896,157.8628955248933,96046400,159.5873260498047
2022-04-26,153.63021850585938,159.0582182667308,153.55183394880203,158.9700412464134,95623200,153.63021850585938
2022-04-27,153.40484619140625,156.5597381127117,152.2389003975014,152.7581849182673,88063200,153.40484619140625
2022-04-28,160.33192443847656,161.19413952588084,155.71713316880462,156.0306713643422,130216800,160.33192443847656
2022-04-29,154.46299743652344,162.84015665375182,154.07108967503086,158.56829627206238,131747600,154.46299743652344
2022-05-02,154.76678466796875,155.0313157503038,150.17159242252777,153.5420538968097,123055300,154.76678466796875
2022-05-03,156.2560272216797,157.46117291588328,153.15991957685017,154.95291204808,88966500,156.2560272216797
2022-05-04,162.663818359375,163.11451083359574,156.040465917951,156.4421811299961,108256500,162.663818359375
2022-05-05,153.60081481933594,160.76303686900772,151.8175999162394,160.5376906280676,130525300,153.60081481933594
2022-05-06,154.3269500732422,156.44639806349898,151.28514888506098,153.08079107355962,116124600,154.3269500732422
2022-05-09,149.20494079589844,152.90416000742098,148.6456508199546,152.0210492953049,131577900,149.20494079589844
2022-05-10,151.6089324951172,153.79707304983472,150.05859659800515,152.59997843272657,115366700,151.6089324951172
2022-05-11,143.74932861328125,152.53128118939546,143.07228159830737,150.61789721596364,142689800,143.74932861328125
2022-05-12,139.88327026367188,143.4549244941829,136.1938739617852,140.08933386086713,182602000,139.88327026367188
2022-05-13,144.34788513183594,145.31930242919321,140.422988536555,141.8751960845671,113990900,144.34788513183594
2022-05-16,142.80735778808594,144.75019240669823,141.47289233038416,142.81717961196202,86643800,142.80735778808594
2022-05-17,146.43788146972656,146.95792901438662,143.9259353445969,146.0650115425021,78336300,146.43788146972656
2022-05-18,138.1759490966797,144.5931464578241,137.2732099832936,144.09272768669095,109742900,138.1759490966797
2022-05-19,134.77113342285156,139.00020681352638,134.03521536260072,137.2536291483144,136095600,134.77113342285156
2022-05-20,135.00660705566406,138.05821430560903,130.12011571020568,136.47844306099526,137426100,135.00660705566406
2022-05-23,140.4229736328125,140.57015125059797,135.0654837610607,135.20285452842407,117726300,140.4229736328125
2022-05-24,137.724609375,139.3043807072169,134.75150167714628,138.1661572066265,104132700,137.724609375
2022-05-25,137.88162231445312,139.12776621000188,135.742545873108,135.8308524536192,92482700,137.88162231445312
2022-05-26,141.08041381835938,141.62989697300142,134.56508575048807,134.8103917996885,90601500,141.08041381835938
2022-05-27,146.83038330078125,146.8696256795322,142.5326166713653,142.6601806038178,90978500,146.83038330078125
2022-05-31,146.04539489746094,147.8312299883083,144.08294665114528,146.27108722583742,103718400,146.04539489746094
2022-06-01,145.91786193847656,148.8909701597807,144.90718720632282,147.08550619630913,74286600,145.91786193847656
2022-06-02,148.3709259033203,148.42979696294097,144.1025944132952,145.05438313661304,72348100,148.3709259033203
2022-06-03,142.65036010742188,145.19172685572278,141.7476357595722,144.14180991397814,88570300,142.65036010742188
2022-06-06,143.39610290527344,145.7804854788439,142.17937951644433,144.26939183778111,71598400,143.39610290527344
2022-06-07,145.91786193847656,146.20241037757677,141.39441763595644,141.63972369363694,67808200,145.91786193847656
2022-06-08,145.18190002441406,147.0560263615052,144.69128805686674,145.79025407304024,53950200,145.18190002441406
2022-06-09,139.96180725097656,145.17210490927135,139.85387199936835,144.31844471982856,69473000,139.96180725097656
2022-06-10,134.5552520751953,138.117085018381,134.48655920841233,137.64610169004794,91437900,134.5552520751953
2022-06-13,129.4038543701172,132.6615109809625,128.97211331960065,130.37525676148604,122207100,129.4038543701172
2022-06-14,130.2672882080078,131.37607607962988,129.0113227305463,130.63035125622758,84784300,130.2672882080078
2022-06-15,132.88717651367188,134.7613181921413,129.67858439406757,131.76858160626196,91533000,132.88717651367188
2022-06-16,127.61798858642578,129.90424225906582,126.61713593346167,129.60006522049088,108123900,127.61798858642578
2022-06-17,129.08982849121094,130.58129318016776,127.37268647196602,127.62781429709099,134520300,129.08982849121094
2022-06-21,133.3189239501953,134.48658311474856,130.8168142802015,130.91492771438774,81000500,133.3189239501953
2022-06-22,132.8087158203125,135.17345501908306,131.39575042395327,132.25921763216581,73409200,132.8087158203125
2022-06-23,135.67385864257812,135.9878425646897,133.0834276529192,134.25108671150673,72433800,135.67385864257812
2022-06-24,139.00021362304688,139.24551965514786,137.1457006192552,137.27324957478913,89116800,139.00021362304688
2022-06-27,139.00021362304688,140.79585557470105,138.32316657888146,140.02068012877845,70207900,139.00021362304688
2022-06-28,134.85943603515625,140.72715167094702,134.74169394010806,139.46137923230657,67083400,134.85943603515625
2022-06-29,136.61581420898438,138.02877917366496,134.10388314834785,134.87905849783044,66242400,136.61581420898438
2022-06-30,134.15296936035156,135.77198324759192,131.25836106107414,134.67301697127326,98964500,134.15296936035156
2022-07-01,136.32147216796875,136.42940742984914,133.11287978462988,133.48573480288584,71051600,136.32147216796875
2022-07-05,138.90208435058594,138.951148551157,134.35901187342057,135.18325151505502,73353800,138.90208435058594
2022-07-06,140.23655700683594,141.41402301996357,138.4311081218874,138.69604284083624,74064300,140.23655700683594
2022-07-07,143.6021728515625,143.79841470419998,140.58980726193488,140.59961411426397,66253700,143.6021728515625
2022-07-08,144.27920532226562,144.77963926575595,142.27751446518533,142.53262737695925,64547800,144.27920532226562
2022-07-11,142.1499481201172,143.88671918371236,141.08041731246487,142.9349304914586,63141600,142.1499481201172
2022-07-12,143.121337890625,145.66270453987497,142.32654882035914,143.0232094985196,77588800,143.121337890625
2022-07-13,142.75831604003906,143.70028289937923,139.45158026337106,140.30525550924634,71185600,142.75831604003906
2022-07-14,145.6823272705078,146.15331059436355,140.56033683517074,141.37475454509644,78140700,145.6823272705078
2022-07-15,147.35040283203125,148.0274497717396,145.41739039952375,146.96772607988603,76259900,147.35040283203125
2022-07-18,144.30862426757812,148.7241323716371,143.9455611978647,147.90971463576915,81420900,144.30862426757812
2022-07-19,148.1648406982422,148.3905180514349,144.15163767930207,145.14266864096726,82982400,148.1648406982422
2022-07-20,150.16653442382812,150.83377461851506,147.5466677906739,148.28258588894056,64823400,150.16653442382812
2022-07-21,152.43316650390625,152.64903699884627,149.08718880462706,151.5991200487024,65086600,152.43316650390625
2022-07-22,151.1968231201172,153.34570636779952,150.5295978961148,152.47241748797757,66675400,151.1968231201172
2022-07-25,150.0782012939453,152.1289557716175,149.4207830391442,151.11829629325123,53623900,150.0782012939453
2022-07-26,148.7535858154297,150.21560020375307,147.96860350790257,149.40118236976926,55138700,148.7535858154297
2022-07-27,153.84609985351562,154.37596918243503,149.30304304810883,149.7151553193297,78620700,153.84609985351562
2022-07-28,154.39564514160156,154.6801935925864,151.51084338722362,154.0325819799109,81378700,154.39564514160156
2022-07-29,159.45872497558594,160.55770616166393,156.50524578988953,158.21258113398608,101786900,159.45872497558594
2022-08-01,158.4774932861328,160.51844113720935,157.8691391572039,157.98688125382472,67829400,158.4774932861328
2022-08-02,157.00564575195312,159.36059231885778,156.63279081571793,157.09396729027588,59907000,157.00564575195312
2022-08-03,163.0107879638672,163.46214273028536,157.7317967556544,157.82010334400223,82507500,163.0107879638672
2022-08-04,162.69677734375,164.05087149041262,161.3426831970874,162.8930191834261,55474100,162.69677734375
2022-08-05,162.4707794189453,162.96207295817032,160.1616937873522,160.36804367078585,56697000,162.4707794189453
2022-08-08,161.99913024902344,164.88793871959618,161.3407986917232,163.47301089783898,60276900,161.99913024902344
2022-08-09,162.04827880859375,162.93261628217675,160.4073599879795,161.16395632810153,63135500,162.04827880859375
2022-08-10,166.29302978515625,166.3912794896035,163.99376480339055,164.76018146628317,70170500,166.29302978515625
2022-08-11,165.5560760498047,168.01254335724568,165.26129697429445,167.0987297224726,57149200,165.5560760498047
2022-08-12,169.10324096679688,169.1720142653812,166.45024387983412,166.86294364369544,68039400,169.10324096679688
2022-08-15,170.17425537109375,170.37076978453467,168.36629877849532,168.53333677957454,54091700,170.17425537109375
2022-08-16,170.01705932617188,170.6852264080059,168.6709196812625,169.77141253005902,56377100,170.01705932617188
2022-08-17,171.51058959960938,173.08272003979997,169.56507124556938,169.76158567645695,79542000,171.51058959960938
2022-08-18,171.11752319335938,171.85446345688476,170.10545976423154,170.72449438338106,62290100,171.11752319335938
2022-08-19,168.53334045410156,170.71468497495962,168.32699056998192,170.01704154998163,70346300,168.53334045410156
2022-08-22,164.65213012695312,166.9022480242965,164.22960987091767,166.73521001384654,69026800,164.65213012695312
2022-08-23,164.31802368164062,165.7722632709113,163.74812140904885,164.17064162540487,54147100,164.31802368164062
2022-08-24,164.61280822753906,165.1827105189657,163.35509799580043,164.40647334198977,53841500,164.61280822753906
2022-08-25,167.0692596435547,167.1773448089003,165.4185207470986,165.84102594330326,51218200,167.0692596435547
2022-08-26,160.77088928222656,168.0715189036816,160.71193645776907,167.59988131493301,78961000,160.77088928222656
2022-08-29,158.5699005126953,160.06342201093398,157.03706713692557,158.34389469961232,73314000,158.5699005126953
2022-08-30,156.14291381835938,159.7293506019625,154.97363281420544,159.3068453614504,77906200,156.14291381835938
2022-08-31,154.48233032226562,157.78382326299328,154.403721562595,157.51852057324083,87991100,154.48233032226562
2022-09-01,155.20945739746094,155.66143904544523,151.97673759886456,153.91243529158203,74229900,155.20945739746094
2022-09-02,153.09690856933594,157.56768330857054,152.27153892325623,156.96830451944558,76957800,153.09690856933594
2022-09-06,151.8391876220703,154.3546082697241,151.01381803326322,153.74540904842692,73714800,151.8391876220703
2022-09-07,153.2442626953125,153.94189101263512,150.9351774352468,152.1241142058328,87449600,153.2442626953125
2022-09-08,151.77040100097656,153.6373103822705,150.02138227376568,151.94725947173376,84923800,151.77040100097656
2022-09-09,154.6297149658203,155.07189112050955,152.0553417641127,152.76280561990976,68028800,154.6297149658203
2022-09-12,160.5841827392578,161.39973173078485,156.5261087123494,156.81105233922636,104956000,160.5841827392578
2022-09-13,151.1612091064453,157.74454025448654,150.69939192954584,157.11568505512628,122656600,151.1612091064453
2022-09-14,152.60560607910156,154.36444545311878,150.93521094229624,152.09465656902455,87965400,152.60560607910156
2022-09-15,149.71676635742188,152.5368010537083,148.7440148881969,151.9570633678186,90481100,149.71676635742188
2022-09-16,148.0758514404297,148.71454195841454,145.7864220311532,148.57698038414023,162278800,148.0758514404297
2022-09-19,151.79005432128906,151.86866309017464,146.50374580326707,146.71008070263835,81474200,151.79005432128906
2022-09-20,154.1678924560547,155.32735289857166,150.41441795742156,150.72883799724963,107689800,154.1678924560547
2022-09-21,151.04330444335938,155.97589634819317,150.9253987780384,154.60026528272206,101696800,151.04330444335938
2022-09-22,150.08033752441406,151.78020876552435,148.28220159016286,149.7266056194288,86652500,150.08033752441406
2022-09-23,147.810546875,148.8324456934816,145.9731140864417,148.55732254844892,96029900,147.810546875
2022-09-26,148.14463806152344,151.09239889982268,147.0343100146429,147.05396595162924,93339400,148.14463806152344
2022-09-27,149.11741638183594,152.02588086273627,147.33893608818533,150.08036255735442,84442700,149.11741638183594
2022-09-28,147.23085021972656,148.01692291304855,142.31791462782627,145.06916155790836,146691400,147.23085021972656
2022-09-29,139.99900817871094,144.16518295071455,138.23034837016746,143.55598373619551,128138200,139.99900817871094
2022-09-30,135.79351806640625,140.60820327947016,135.59700366840286,138.8198877735382,124925300,135.79351806640625
2022-10-03,139.96951293945312,140.57872706512543,135.2924042908768,135.80335372086685,114311700,139.96951293945312
2022-10-04,143.55596923828125,143.67387488258018,141.7479977315321,142.504593932989,87830100,143.55596923828125
2022-10-05,143.8507537841797,144.81369999304195,140.51978392175167,141.5613389023429,79471000,143.8507537841797
2022-10-06,142.8976593017578,144.9709190386039,142.6913243714458,143.271047261683,68402200,142.8976593017578
2022-10-07,137.65060424804688,140.60820060654387,137.02174919053795,140.05793931227225,85925600,137.65060424804688
2022-10-10,137.97488403320312,139.41928832461434,136.15710682488464,137.97488403320312,74899000,137.97488403320312
2022-10-11,136.5599365234375,138.88867789955424,135.8131758038938,137.4639147607023,77033700,136.5599365234375
2022-10-12,135.9311065673828,137.91593686444165,135.7542480720767,136.70735883391194,70433700,135.9311065673828
2022-10-13,140.5001220703125,141.08966528093347,132.0302118420066,132.63942598399592,113224000,140.5001220703125
2022-10-14,135.97039794921875,142.00348171103434,135.78370401470698,141.79713183786654,88598000,135.97039794921875
2022-10-17,139.9302215576172,140.41167960335844,137.82748592791265,138.61355854500806,85250900,139.9302215576172
2022-10-18,141.24691772460938,144.14554712451348,138.1615943476007,142.95662494362372,99136600,141.24691772460938
2022-10-19,141.35498046875,142.42599680685538,139.03607431855443,139.22276826600364,61758300,141.35498046875
2022-10-20,140.8931427001953,143.34961008460004,140.16602295690015,140.52959032509128,64522000,140.8931427001953
2022-10-21,144.70559692382812,145.27549920361895,140.1660346242772,140.38220497154572,86548600,144.70559692382812
2022-10-24,146.84764099121094,147.61405773965313,143.45771845108737,144.62699951406933,75981900,146.84764099121094
2022-10-25,149.6873016357422,149.83469868322362,146.75919654145045,147.47648086131204,74732300,149.6873016357422
2022-10-26,146.74940490722656,149.34343452593197,145.46220307585523,148.33137090531034,88194300,146.74940490722656
2022-10-27,142.2786407470703,146.45463667546065,141.6203090704716,145.49170534180345,109180200,142.2786407470703
2022-10-28,153.02813720703125,154.7574852960008,145.24604831703184,145.61942126085685,164762400,153.02813720703125
2022-10-31,150.66990661621094,151.55424402730603,149.27463469355658,150.49304812984573,97943200,150.66990661621094
2022-11-01,148.02674865722656,152.7431699919974,146.5332269791364,152.37961754304112,80379300,148.02674865722656
2022-11-02,142.50460815429688,149.5202795588878,142.47513174028055,146.35634784769096,93604600,142.50460815429688
2022-11-03,136.4617156982422,140.31345573900342,136.33397456392473,139.5863358104831,97918500,136.4617156982422
2022-11-04,136.19593811035156,140.41822196260875,132.25907054843208,139.84737436397546,140814800,136.19593811035156
2022-11-07,136.72743225097656,136.95379796987663,133.52872680415337,134.94600177423487,83374600,136.72743225097656
2022-11-08,137.2982635498047,139.19779504119253,135.31999290082103,138.1939045722533,89908500,137.2982635498047
2022-11-09,132.7413330078125,136.363259132224,132.46575346788492,136.31404528196006,74917800,132.7413330078125
2022-11-10,144.5519561767578,144.5519561767578,137.2982811810409,139.0108242882595,118854000,144.5519561767578
2022-11-11,147.33729553222656,147.64240042758996,142.09141663457416,143.51854343102002,93979700,147.33729553222656
2022-11-14,145.939697265625,147.90813128864986,145.10310679865555,146.61880940644215,73374100,145.939697265625
2022-11-15,147.6719207763672,151.16589433590542,146.2152837355369,149.81752177217496,89868300,147.6719207763672
2022-11-16,146.441650390625,147.50460662223392,144.96532479416157,146.77629560614008,64218300,146.441650390625
2022-11-17,148.3412322998047,149.08923203953424,143.84335204102572,144.1189316829242,80389400,148.3412322998047
2022-11-18,148.9021759033203,150.28992540848853,147.60301733738748,149.90608139833125,74829600,148.9021759033203
2022-11-21,145.67393493652344,147.9966873729924,145.3885186493538,147.79001023834212,58724100,145.67393493652344
2022-11-22,147.8096923828125,148.04590985414606,144.6109873377189,145.79205967642807,51804100,147.8096923828125
2022-11-23,148.68568420410156,149.4336837921187,146.98297781162248,147.09124229312135,58301400,148.68568420410156
2022-11-25,145.7723388671875,146.53018994592495,144.79795890881078,145.9691792074172,35195900,145.7723388671875
2022-11-28,141.94378662109375,144.32559012136235,141.11704788902577,142.8492645206864,69246000,141.94378662109375
2022-11-29,138.94189453125,142.5244433578434,138.13484450256723,142.012646377485,83763800,138.94189453125
2022-11-30,145.69363403320312,146.3727461321645,138.33169544585772,139.16827084330671,111380900,145.69363403320312
2022-12-01,145.96922302246094,146.7762881829984,144.29605710134743,145.87081033178356,71250400,145.96922302246094
2022-12-02,145.4771270751953,145.66413072697534,143.35121453595042,143.6563344518848,65447400,145.4771270751953
2022-12-05,144.3157501220703,148.53803463745106,143.46932286260514,145.4377569527139,68826400,144.3157501220703
2022-12-06,140.6544647216797,144.97517704731527,139.68008441838234,144.74881132681773,64727200,140.6544647216797
2022-12-07,138.71554565429688,141.10718574311466,137.7903792762826,139.9458168978351,69721100,138.71554565429688
2022-12-08,140.39854431152344,141.25482328488022,138.8730200272998,140.1131279990439,62128300,140.39854431152344
2022-12-09,139.9163055419922,143.2724894333561,138.6761823933455,140.09345741010685,76097000,139.9163055419922
2022-12-12,142.2095184326172,142.21935519606154,138.8336463442299,140.44776160871248,70462700,142.2095184326172
2022-12-13,143.17408752441406,147.60306524114876,141.96350448686977,147.1404819226305,93886200,143.17408752441406
2022-12-14,140.94972229003906,144.3452679150581,138.9320744491566,143.05594605605327,82291200,140.94972229003906
2022-12-15,134.34559631347656,139.56194847795751,133.8830132053196,138.88283646734595,98931900,134.34559631347656
2022-12-16,132.38699340820312,135.47743349054232,131.61930552276547,134.53259379367577,160156900,132.38699340820312
2022-12-19,130.28079223632812,133.0661279935264,129.24737645818792,132.97755207276447,79592600,130.28079223632812
2022-12-20,130.21189880371094,131.14690185461754,127.83993247167396,129.31625782088165,77432800,130.21189880371094
2022-12-21,133.31222534179688,134.65076142091874,130.6548417338536,130.8812074994361,85928000,133.31222534179688
2022-12-22,130.1430206298828,132.43624823454394,128.24348886904642,132.22957105725172,77852100,130.1430206298828
2022-12-23,129.77883911132812,130.32999816428637,127.59387642427377,128.85367283616628,63814900,129.77883911132812
2022-12-27,127.97774505615234,129.33596942535033,126.68842309082302,129.30644411453827,69007800,127.97774505615234
2022-12-28,124.05072021484375,128.9619612841453,123.883405115354,127.62342547026658,85438400,124.05072021484375
2022-12-29,127.56438446044922,128.42064856881274,125.7140589354878,125.9699499861123,75703700,127.56438446044922
2022-12-30,127.87931823730469,127.8990067839709,125.41878304163788,126.38331908581098,77034200,127.87931823730469
2023-01-03,123.09601593017578,128.83399514878522,122.21021915687207,128.2237854341601,112117500,123.09601593017578
2023-01-04,124.36565399169922,126.62935597280962,123.10585750129947,124.88728777203856,89113600,124.36565399169922
2023-01-05,123.04680633544922,125.75340309203497,122.79091532129203,125.12350481122068,80962700,123.04680633544922
2023-01-06,127.57418060302734,128.23360407647718,122.91883920565213,124.0211647576564,87754700,127.57418060302734
2023-01-09,128.09584045410156,131.30439758356596,127.83994943275363,128.41079711233908,70790800,128.09584045410156
2023-01-10,128.66665649414062,129.18829019036005,126.09785007666395,128.20407340232998,63896200,128.66665649414062
2023-01-11,131.3831024169922,131.4027759395212,128.40092679663005,129.1784514392973,69458900,131.3831024169922
2023-01-12,131.3043670654297,132.14094233575875,129.36545876543678,131.7669501634761,71379600,131.3043670654297
2023-01-13,132.63308715820312,132.79056549396478,129.58202324711493,129.94617875784812,57809700,132.63308715820312
2023-01-17,133.79449462890625,135.12317889828967,132.0130638191195,132.70201288672166,63646600,133.79449462890625
2023-01-18,133.07598876953125,136.42232060237055,132.8988218980733,134.6605787592018,69672800,133.07598876953125
2023-01-19,133.13504028320312,134.0995687562006,131.65871475561192,131.96381962844052,58280400,133.13504028320312
2023-01-20,135.69398498535156,135.84162653742413,132.1015991542997,133.14486670992753,80223600,135.69398498535156
2023-01-23,138.88287353515625,141.0579999020067,135.72353008280908,135.94005904305521,81760300,138.88287353515625
2023-01-24,140.28045654296875,140.90051809732327,138.0856567013407,138.0954934654877,66435100,140.28045654296875
2023-01-25,139.62103271484375,140.18202862963406,136.61916767862735,138.6663409653264,65799300,139.62103271484375
2023-01-26,141.68789672851562,141.9733130723702,139.66039693887691,140.91035682918778,54105100,141.68789672851562
2023-01-27,143.62677001953125,144.9062550377642,140.82176076743906,140.90049992434123,70555800,143.62677001953125
2023-01-30,140.7430419921875,143.2527985417942,140.59541543784155,142.6721140707524,64015300,140.7430419921875
2023-01-31,142.01266479492188,142.06187864867766,140.03439402480078,140.4477633640219,65874500,142.01266479492188
2023-02-01,143.13467407226562,144.29605796571016,139.08955653554688,141.69772563249788,77663600,143.13467407226562
2023-02-02,148.4396514892578,148.7939552787564,145.83146678995257,146.54994117081904,118339000,148.4396514892578
2023-02-03,152.06153869628906,154.8960886893848,145.496812581912,145.6936529941079,154357300,152.06153869628906
2023-02-06,149.3352508544922,150.6836384438328,148.40024764766747,150.1620046015634,69858300,149.3352508544922
2023-02-07,152.20916748046875,152.7800151967711,148.26246234257331,148.26246234257331,83322600,152.20916748046875
2023-02-08,149.5222625732422,152.14028370808583,148.7840997356859,151.45133472995892,64120100,149.5222625732422
2023-02-09,148.48878479003906,151.89418154841005,148.04589023070798,151.3528593012469,56007100,148.48878479003906
2023-02-10,148.85353088378906,149.17882019931434,147.08909918660703,147.32567733632254,57450700,148.85353088378906
2023-02-13,151.65298461914062,152.0571182724141,148.7648180243575,148.79438841262413,62199000,151.65298461914062
2023-02-14,151.0122528076172,151.57412024796835,148.70567235340334,149.94767374239032,61707600,151.0122528076172
2023-02-15,153.1118621826172,153.279432747917,150.696851620169,150.923562968411,65573800,153.1118621826172
2023-02-16,151.51498413085938,154.09756497312395,151.16012443154224,151.3178281549916,68167900,151.51498413085938
2023-02-17,150.37155151367188,150.81512239489066,148.69583093968438,150.17441057100683,59144100,150.37155151367188
2023-02-21,146.35968017578125,149.1394173925265,146.29068760704538,148.05511953332274,58867200,146.35968017578125
2023-02-22,146.7835235595703,147.80866542554767,145.0585140913541,146.74408634882758,51011300,146.7835235595703
2023-02-23,147.26651000976562,148.19308888929672,145.13736699227027,147.94665897626774,48394200,147.26651000976562
2023-02-24,144.61495971679688,145.0881010134071,143.6390916917033,145.00924162382364,55469600,144.61495971679688
2023-02-27,145.80767822265625,147.03982803359767,145.344388690471,145.6006854773172,44998500,145.80767822265625
2023-02-28,145.30494689941406,146.95109701970668,144.7332276594082,144.95008720013072,50547000,145.30494689941406
2023-03-01,143.2349395751953,145.1275197577975,142.93922063146897,144.73323786008925,55479000,143.2349395751953
2023-03-02,143.8263702392578,144.61494903595985,141.84506394442167,142.31822024697658,52238100,143.8263702392578
2023-03-03,148.8732452392578,148.95210462024477,145.2260853537234,145.9259379185379,70732300,148.8732452392578
2023-03-06,151.63328552246094,154.0680147422593,151.26857399298945,151.59384830577196,87558000,151.63328552246094
2023-03-07,149.4351043701172,151.83039589059405,148.9718149331636,151.50510660246357,56182000,149.4351043701172
2023-03-08,150.68699645996094,151.2784344169459,149.6618543808646,150.62785567244086,47204800,150.68699645996094
2023-03-09,148.43955993652344,152.3331506331596,148.08470016179072,151.36714931784533,53833600,148.43955993652344
2023-03-10,146.37939453125,148.78455331931613,145.50210448552664,148.0649820559655,68572400,146.37939453125
2023-03-13,148.32122802734375,150.95309752980933,145.59078054944564,145.69921030606648,84457100,148.32122802734375
2023-03-14,150.4109649658203,151.2093955139033,147.95653254628945,149.11967456920323,73695900,150.4109649658203
2023-03-15,150.8052520751953,151.0615337650689,147.77908558210245,149.03095372752588,77167900,150.8052520751953
2023-03-16,153.62445068359375,154.22574041738864,149.47456333381393,149.98714188743216,76161100,153.62445068359375
2023-03-17,152.7865447998047,154.50170239485772,152.07682545294745,153.85112382009055,98944600,152.7865447998047
2023-03-20,155.1522674560547,155.5662829465371,151.94867858194203,152.85555389921097,73641400,155.1522674560547
2023-03-21,157.00543212890625,157.1237136794573,154.30455474450915,155.07342994575768,73938300,157.00543212890625
2023-03-22,155.57614135742188,159.82459083880553,155.55642275206148,157.02515051318744,75701800,155.57614135742188
2023-03-23,156.66041564941406,159.2430113419942,155.4282660956086,156.5618527096425,67622100,156.66041564941406
2023-03-24,157.96157836914062,158.0502895303303,155.59585715875076,156.59142861861952,59196500,157.96157836914062
2023-03-27,156.01974487304688,158.47419284355544,155.6155961034445,157.65604352005258,52390300,156.01974487304688
2023-03-28,155.39871215820312,156.22672817707905,153.7525619849842,155.714149696992,45992200,155.39871215820312
2023-03-29,158.47418212890625,158.75018247951246,157.07446176772007,157.09416533498404,51305700,158.47418212890625
2023-03-30,160.04147338867188,160.14990317241256,158.96704237580855,159.22332411879057,49501700,160.04147338867188
2023-03-31,162.54518127441406,162.64375926608275,159.59788883873148,160.120319104618,68749800,162.54518127441406
2023-04-03,163.79702758789062,163.91530912930577,161.87487733545584,161.92416632467473,56976200,163.79702758789062
2023-04-04,163.26480102539062,164.45751374852026,162.7522224371345,164.22095058539657,46278300,163.26480102539062
2023-04-05,161.4214630126953,162.69304993016723,159.48946069965245,162.38747921010668,51511700,161.4214630126953
2023-04-06,162.30862426757812,162.60434321282244,159.686606015777,160.1104583059446,45390100,162.30862426757812
2023-04-10,159.71617126464844,159.71617126464844,157.7940207437735,159.11488161033475,47716900,159.71617126464844
2023-04-11,158.50376892089844,160.04148961649395,158.21790171619082,160.0316378318426,47644200,158.50376892089844
2023-04-12,157.81373596191406,159.7457382241708,157.49829842634344,158.9177372546322,50133100,157.81373596191406
2023-04-13,163.19577026367188,163.43234843413578,159.11489082873655,159.3218986080038,68445600,163.19577026367188
2023-04-14,162.8507843017578,163.94493394539444,161.48063430124813,162.23962776220338,49386500,162.8507843017578
2023-04-17,162.87045288085938,163.02817163401676,161.68759231395518,162.73245273206868,41516200,162.87045288085938
2023-04-18,164.0927734375,165.01935243982652,163.2844759960185,163.72806193096773,49923000,164.0927734375
2023-04-19,165.23622131347656,165.75865162452376,163.1760554202755,163.43235220441335,47720200,165.23622131347656
2023-04-20,164.2701873779297,165.47276665465435,163.1957564794937,163.71818673436218,52456400,164.2701873779297
2023-04-21,162.66348266601562,164.07305473489896,162.14105238473394,162.69305305620966,58337300,162.66348266601562
2023-04-24,162.96905517578125,163.23520373133107,161.54961626736943,162.643765839196,41949600,162.96905517578125
2023-04-25,161.43130493164062,163.93502612600452,161.39186772429704,162.8310249745858,48714100,161.43130493164062
2023-04-26,161.4214630126953,162.91976126426218,160.47518046288778,160.73146218660858,45498800,161.4214630126953
2023-04-27,166.0050506591797,166.15290259103057,162.83103216774902,162.83103216774902,64902300,166.0050506591797
2023-04-28,167.25689697265625,167.42448254310634,165.48261369922477,166.08390326571939,55275900,167.25689697265625
2023-05-01,167.168212890625,168.01593249804148,166.2317821133474,166.86264216717663,52472900,167.168212890625
2023-05-02,166.1332244873047,167.91739013162538,165.14750459229282,167.66109333275145,48425700,166.1332244873047
2023-05-03,165.0587921142578,168.47924132633688,164.7729399649435,167.07952089132834,65136000,165.0587921142578
2023-05-04,163.42247009277344,164.65461977543495,161.96360907995128,162.535328337613,81235400,163.42247009277344
2023-05-05,171.09140014648438,171.81097141948842,168.32151475691046,168.53837432535954,113453200,171.09140014648438
2023-05-08,171.02236938476562,171.3673772990156,169.65221959190652,170.01693107088172,55962800,171.02236938476562
2023-05-09,169.31707763671875,171.06179068201072,169.14950709207488,170.57879765359286,45326900,169.31707763671875
2023-05-10,171.08151245117188,171.54480192353225,169.44521410372417,170.5492304195713,53724500,171.08151245117188
2023-05-11,171.268798828125,172.09679977091955,169.71135988855104,171.3673768150292,49514700,171.268798828125
2023-05-12,170.3409423828125,171.8116866019269,168.79121464447562,171.3773676163626,45533100,170.3409423828125
2023-05-15,169.84744262695312,170.97271706576475,169.2551865805483,170.9233598849482,37266700,169.84744262695312
2023-05-16,169.84744262695312,170.9036140002822,169.58092589990125,169.76847414998602,42110300,169.84744262695312
2023-05-17,170.4593963623047,170.69628668546216,168.21871333171157,169.492059065459,57951600,170.4593963623047
2023-05-18,172.78890991210938,172.97645812210007,170.35081330561755,170.76538642479474,65496700,172.78890991210938
2023-05-19,172.8975067138672,174.11161490131875,172.68034719263906,174.11161490131875,55809500,172.8975067138672
2023-05-22,171.94989013671875,172.45331220735133,171.2095777379714,171.73273062815065,43570900,171.94989013671875
2023-05-23,169.343994140625,171.140492823502,169.06761204505847,170.89372201948225,50747300,169.343994140625
2023-05-24,169.620361328125,170.19287135053577,168.3174194294986,168.88004898113246,45143500,169.620361328125
2023-05-25,170.7554931640625,171.65372724492494,169.47228225494172,170.18298321809505,56058300,170.7554931640625
2023-05-26,173.1639862060547,173.49960591702484,170.87396117733175,171.08125526170468,54835000,173.1639862060547
2023-05-30,175.0098419189453,176.67801481811213,174.28927545149398,174.67423726963298,55964400,175.0098419189453
2023-05-31,174.96047973632812,177.03336027410137,174.47680359439627,175.0394481918492,99625300,174.96047973632812
2023-06-01,177.76380920410156,177.79342049505456,174.64462268903534,175.40468096744894,68901800,177.76380920410156
2023-06-02,178.61270141601562,179.43198227661338,176.94452840385708,178.69166987914852,61996900,178.61270141601562
2023-06-05,177.26043701171875,182.56106999711636,175.7403201563272,180.2710443640357,121946500,177.26043701171875
2023-06-06,176.8951873779297,177.79342164547316,175.13816542041533,177.64536518975015,64848400,176.8951873779297
2023-06-07,175.5231475830078,178.86935913776645,175.02960596689772,176.135134367242,61944600,175.5231475830078
2023-06-08,178.23764038085938,178.5041420299357,175.1678106866245,175.6021146908698,50214900,178.23764038085938
2023-06-09,178.62257385253906,179.8761586114367,178.29683460490384,179.15559212759166,48900000,178.62257385253906
2023-06-12,181.416015625,181.51472997018058,178.63244881890137,178.92857679274874,54274900,181.416015625
2023-06-13,180.94219970703125,181.77134589189876,180.08344223425368,180.4387927508673,54929100,180.94219970703125
2023-06-14,181.573974609375,182.0082936822176,179.66891102186548,181.0014644735094,57462900,181.573974609375
2023-06-15,183.60736083984375,184.1107829667957,181.40616927858855,181.58385210624687,65433200,183.60736083984375
2023-06-16,182.53143310546875,184.57470266619666,181.88983501651188,184.31805138125782,101256200,182.53143310546875
2023-06-20,182.62025451660156,183.69618663444365,182.02801364300083,182.02801364300083,49799100,182.62025451660156
2023-06-21,181.58383178710938,183.015099412311,180.23151756348105,182.51167734169172,49515700,181.58383178710938
2023-06-22,184.58456420898438,184.63392138287654,181.29757524213758,181.36667829792557,51245300,184.58456420898438
2023-06-23,184.2686767578125,185.13731475683954,182.6202496908907,183.15328303090953,53117000,184.2686767578125
2023-06-26,182.87689208984375,185.62098193195177,182.83740033087778,184.41673933227065,48088700,182.87689208984375
2023-06-27,185.63087463378906,185.95661391553264,183.27174625542975,183.48890577659213,50730800,185.63087463378906
2023-06-28,186.80548095703125,187.4470789620611,185.17679982937508,185.5025240055518,51216800,186.80548095703125
2023-06-29,187.14108276367188,187.61489349976054,186.49948476837957,186.6376758009822,46347300,187.14108276367188
2023-06-30,191.46453857421875,191.96794560784363,188.78953634841974,189.1547673916645,85213200,191.46453857421875
2023-07-03,189.9740447998047,191.37570117698604,189.28307449044232,191.27698682945007,31458200,189.9740447998047
2023-07-05,188.85861206054688,190.4872931571664,188.15777642969255,189.09551742767218,46920300,188.85861206054688
2023-07-06,189.33242797851562,189.53972207962792,186.756140199604,187.3878728511301,45094300,189.33242797851562
2023-07-07,188.21702575683594,190.1813268348204,187.78272178125238,188.93760736945495,46815000,188.21702575683594
2023-07-10,186.1737518310547,187.53593138541007,184.62402407003376,186.8153498480431,59922200,186.1737518310547
2023-07-11,185.65060424804688,186.85484691926047,184.18972537508213,186.71665587805697,46638100,185.65060424804688
2023-07-12,187.31878662109375,189.22385000348103,186.03557542450565,187.22993768452707,60750200,187.31878662109375
2023-07-13,188.0788116455078,188.72042471252908,187.32863389417258,188.0393349477294,41342300,188.0788116455078
2023-07-14,188.2268829345703,188.71054402484233,187.1805772351739,187.7728180713282,41616200,188.2268829345703
2023-07-17,191.4842529296875,191.8099921548826,189.3324039740118,189.42123783678522,50520200,191.4842529296875
2023-07-18,191.22764587402344,191.81990188608006,189.93456914478574,190.8525644573039,48288200,191.22764587402344
2023-07-19,192.57992553710938,195.6694855056854,190.1615598085878,190.60575926840173,80507300,192.57992553710938
2023-07-20,190.63539123535156,193.9322456468904,190.01352397351403,192.57006595398724,59581200,190.63539123535156
2023-07-21,189.46075439453125,192.45161532627134,188.75991868585442,191.59285775033445,71951700,189.46075439453125
2023-07-24,190.26028442382812,192.3923877240068,189.76674282999198,190.9117629424984,45377800,190.26028442382812
2023-07-25,191.11903381347656,191.92844922240585,190.4280786239598,190.83278632842445,37283200,191.11903381347656
2023-07-26,191.98768615722656,193.11296042478057,190.8229351880455,191.1684052777898,47471900,191.98768615722656
2023-07-27,190.7241973876953,194.65278390019768,190.06285351948284,193.4880330742484,47460200,190.7241973876953
2023-07-28,193.30050659179688,194.09017617119656,191.63233355900982,192.15548645475204,48291400,193.30050659179688
2023-07-31,193.91250610351562,193.9519978690126,192.73787459795656,193.52754422924545,38824100,193.91250610351562
2023-08-01,193.08334350585938,194.1888718595327,192.75760424557473,193.7052107356477,35175100,193.08334350585938
2023-08-02,190.09249877929688,192.6589062555568,189.37193220630533,192.52071519961737,50389300,190.09249877929688
2023-08-03,188.70071411132812,189.8852110681393,188.22691834094286,189.09555647139584,61235200,188.70071411132812
2023-08-04,179.63926696777344,184.9596445164711,179.57016391801557,183.12366926443607,115956800,179.63926696777344
2023-08-07,176.539794921875,180.7645088216644,175.05917046928457,179.7774258532708,97576100,176.539794921875
2023-08-08,177.4775390625,177.9414693105031,175.2862134413724,177.36895932229305,67823000,177.4775390625
2023-08-09,175.88836669921875,178.59296516430098,174.72360063232372,178.53374257918168,60378500,175.88836669921875
2023-08-10,175.67120361328125,178.41529378720278,175.30598763799586,177.16169386807627,54686900,175.67120361328125
2023-08-11,175.7305145263672,176.55090180538758,174.50488805624465,175.26597277471524,52036700,175.7305145263672
2023-08-14,177.38119506835938,177.60852659340796,175.25609098331174,175.90844935818416,43675600,177.38119506835938
2023-08-15,175.3944549560547,177.40093867304276,174.99909450146933,176.80789799116474,43622600,175.3944549560547
2023-08-16,174.5246124267578,176.4717779827851,174.45541607052797,175.07812294847426,46964900,174.5246124267578
2023-08-17,171.98440551757812,175.4537406821077,171.47042491030345,175.08803154260252,66062900,171.98440551757812
2023-08-18,172.46873474121094,173.07166917955516,169.96804315644715,170.30410101859755,61172200,172.46873474121094
2023-08-21,173.80308532714844,174.08973444525807,171.7274205434044,173.0420157807921,46311900,173.80308532714844
2023-08-22,175.177001953125,175.62178623446252,174.20835828322907,175.00897300604348,42038900,175.177001953125
2023-08-23,179.02194213867188,179.44696895877536,176.2642675025049,176.45206899868776,52722800,179.02194213867188
2023-08-24,174.3368377685547,179.0021629998802,173.97111355320405,178.57713623123834,54945800,174.3368377685547
2023-08-25,176.54098510742188,177.0747231196245,173.78331106065053,175.3252376314931,51449600,176.54098510742188
2023-08-28,178.10272216796875,178.49808262553688,176.48172016068384,178.00387451255935,43820700,178.10272216796875
2023-08-29,181.9871826171875,182.7581460326424,177.4207046822572,177.61838490226515,53003900,181.9871826171875
2023-08-30,185.47630310058594,185.6739984160231,182.60002327821,182.7977035116121,60813900,185.47630310058594
2023-08-31,185.69374084472656,186.92926105598286,185.30825914209595,185.66408956621913,60794500,185.69374084472656
2023-09-01,187.26531982421875,187.7199827815663,186.09898099052413,187.29497110047913,45766500,187.26531982421875
2023-09-05,187.50253295898438,187.77928826308653,185.4367469097816,186.09898389331408,45280000,187.50253295898438
2023-09-06,180.79119873046875,186.66239298088038,179.3678770840619,186.21759365485326,81755800,180.79119873046875
2023-09-07,175.50315856933594,176.14563807720947,171.5297216636145,173.1507234483217,112488800,175.50315856933594
2023-09-08,176.11595153808594,178.15210111956102,175.73046991034678,176.28399552635892,65551300,176.11595153808594
2023-09-11,177.28231811523438,178.21143169284028,175.28571330476424,177.98410020535158,58953100,177.28231811523438
2023-09-12,174.2577667236328,178.043402311121,172.79491507430095,177.4108165912451,90370200,174.2577667236328
2023-09-13,172.19198608398438,175.24618840249718,171.96463950783718,174.46533118918654,84267900,172.19198608398438
2023-09-14,173.7042694091797,174.06009984649242,171.5692867853032,171.98441978182902,60895800,173.7042694091797
2023-09-15,172.98268127441406,174.45542656560403,171.80647888602266,174.4356540223445,109259500,172.98268127441406
2023-09-18,175.9084014892578,177.30207170667876,174.12924962468128,174.4356561798522,67257600,175.9084014892578
2023-09-19,176.99566650390625,177.54917706999674,175.07813698421282,175.46361863431386,51826900,176.99566650390625
2023-09-20,173.4571533203125,177.61837681135137,173.36818440563272,177.18347129792434,58436200,173.4571533203125
2023-09-21,171.9152069091797,174.25776334751873,171.846025624082,172.5280351536478,63149100,171.9152069091797
2023-09-22,172.7652587890625,175.02874030453424,172.03384046276338,172.64665367280514,56725400,172.7652587890625
2023-09-25,174.04031372070312,174.92000347180993,172.13266274999066,172.1820865728236,46172700,174.04031372070312
2023-09-26,169.9680633544922,173.17052232124786,169.6715354659317,172.79493440563715,64588900,169.9680633544922
2023-09-27,168.4557647705078,171.03553164114703,167.0917606780329,170.62039864934732,66921800,168.4557647705078
2023-09-28,168.71278381347656,170.03725806054325,165.67833847638363,167.37841575072204,56294400,168.71278381347656
2023-09-29,169.22669982910156,171.06515408193007,168.36676770498428,170.02731432787635,51861100,169.22669982910156
2023-10-02,171.73728942871094,172.28092127496365,168.94994891630552,169.2365980179806,52164500,171.73728942871094
2023-10-03,170.40293884277344,171.61870157072957,168.84125459232132,170.26456118455488,49594600,170.40293884277344
2023-10-04,171.64834594726562,172.19197782627828,168.98950418793981,169.10810929534875,53020300,171.64834594726562
2023-10-05,172.88389587402344,173.4176340313492,170.67971670138417,171.77685938003185,48527900,172.88389587402344
2023-10-06,175.4340057373047,175.92821386257307,171.17391902858174,171.78674735969838,57266700,175.4340057373047
2023-10-09,176.91661071777344,176.9759132731787,173.76356081110382,174.76185568517045,42390800,176.91661071777344
2023-10-10,176.3235626220703,177.63815795783916,175.8886570875863,176.03692856454262,43698000,176.3235626220703
2023-10-11,177.71725463867188,177.7666784703244,175.54274178428383,176.13578251800644,47551100,177.71725463867188
2023-10-12,178.61668395996094,180.227791982292,176.96601576479657,177.98409824545533,56743100,178.61668395996094
2023-10-13,176.77822875976562,179.82253713140665,176.07644667980117,179.31845034069394,51427100,176.77822875976562
2023-10-16,176.64974975585938,177.00558020178707,174.46534325240765,174.70256857703768,52517000,176.64974975585938
2023-10-17,175.09791564941406,176.35320838797153,172.77514673671925,174.60370757241088,57549400,175.09791564941406
2023-10-18,173.80308532714844,175.52293478970745,173.08154578913502,173.54610256783715,54764400,173.80308532714844
2023-10-19,173.427490234375,175.7799102245973,173.16061367257353,174.00075828264139,59302900,173.427490234375
2023-10-20,170.87738037109375,173.38795063159753,170.64015507731645,173.2792242572037,64244000,170.87738037109375
2023-10-23,170.99600219726562,171.99429712738208,167.96155723103598,168.93021596381925,55980100,170.99600219726562
2023-10-24,171.430908203125,171.6582397062376,169.46395453488128,171.04542648826694,43816600,171.430908203125
2023-10-25,169.11801147460938,171.0552987076063,168.67321213575732,169.88897487497013,57157000,169.11801147460938
2023-10-26,164.95680236816406,169.39479716399708,163.7509332268827,168.39648700816127,70625300,164.95680236816406
2023-10-27,166.27137756347656,167.00281099505466,164.89747962237493,164.97655472973753,58499100,166.27137756347656
2023-10-30,168.3173828125,169.18719386762373,166.91383366211736,167.06210513671374,51131000,168.3173828125
2023-10-31,168.79185485839844,168.92033872091713,165.95508983700142,167.38830552985596,44846000,168.79185485839844
2023-11-01,171.9547576904297,172.2117404582064,168.14934950515965,169.01916053768616,56934900,171.9547576904297
2023-11-02,175.51307678222656,175.72063574409248,173.4275179386151,173.4868204991482,77334800,175.51307678222656
2023-11-03,174.60366821289062,174.77171219338044,171.3419077055693,172.22159728105217,79829200,174.60366821289062
2023-11-06,177.15380859375,177.35148879200258,174.16880291146146,174.33683183407777,63841300,177.15380859375
2023-11-07,179.71383666992188,180.32664987384885,176.89684453064555,177.10440348202485,70530000,179.71383666992188
2023-11-08,180.77142333984375,181.32493395317235,179.4864793691692,180.23768527185777,49340300,180.77142333984375
2023-11-09,180.2969970703125,181.98718027395728,179.70394133589065,180.8406289798602,53763500,180.2969970703125
2023-11-10,184.48350524902344,184.6517706680945,181.64301825007877,182.07849676599454,66133400,184.48350524902344
2023-11-13,182.89993286132812,184.1172820619318,182.31600272709323,183.9094496896321,43627500,182.89993286132812
2023-11-14,185.51280212402344,186.17591157835597,184.38452385663774,185.77012344749633,60108400,185.51280212402344
2023-11-15,186.07691955566406,187.55160515956638,185.84928859059917,185.91857611582427,53790500,186.07691955566406
2023-11-16,187.7594757080078,188.9966236513369,186.7103615664657,187.6209157424311,54412900,187.7594757080078
2023-11-17,187.73968505859375,188.42259316852056,186.63120528706287,188.29392494435922,50922700,187.73968505859375
2023-11-20,189.4815673828125,189.93684445013852,187.92771748948175,187.93760923589429,46505100,189.4815673828125
2023-11-21,188.67987060546875,189.55082742435687,187.7891302966246,189.44195782199586,38134500,188.67987060546875
2023-11-22,189.34300231933594,190.9463411053134,188.8679417719912,189.52115946327928,39617700,189.34300231933594
2023-11-24,188.01678466796875,188.93721542830764,187.30418629136327,188.9075250877743,24048300,188.01678466796875
2023-11-27,187.83863830566406,188.70959528304604,186.95778958150402,187.96730652329646,40552600,187.83863830566406
2023-11-28,188.44236755371094,189.11538388382388,187.45264920500045,187.82874701011957,38415400,188.44236755371094
2023-11-29,187.42295837402344,190.11499348364924,187.02707707633283,188.93722623545,43014200,187.42295837402344
2023-11-30,187.99697875976562,188.36318478193425,186.2550800746654,187.888109148078,48794400,187.99697875976562
2023-12-01,189.27371215820312,189.59041412612484,187.28436893039358,188.3730649805332,45704800,189.27371215820312
2023-12-04,187.48233032226562,188.09596593756666,185.52269231677565,188.02667840765253,43389500,187.48233032226562
2023-12-05,191.43130493164062,192.40122460244103,188.22461231756913,188.25431775925796,66628400,191.43130493164062
2023-12-06,190.34262084960938,192.7575206909756,190.1347733725338,192.45071045016567,41089700,190.34262084960938
2023-12-07,192.27256774902344,192.99505783958267,191.5995514892092,191.63914867608756,47477700,192.27256774902344
2023-12-08,193.69773864746094,193.97485851110258,191.67870523875752,192.20325463078638,53406400,193.69773864746094
2023-12-11,191.19378662109375,191.50061200003438,189.45188773429211,191.12451418849048,60943700,191.19378662109375
2023-12-12,192.70806884765625,192.71796059458774,189.7488055095461,191.09482308550778,52696900,192.70806884765625
2023-12-13,195.9246368408203,195.96421892707963,192.8466123940007,193.08413511536142,70404200,195.9246368408203
2023-12-14,196.07308959960938,197.56755876987646,194.14314196862804,195.9840185786185,66831600,196.07308959960938
2023-12-15,195.53866577148438,196.36011872958818,194.9745190512041,195.4990685795855,128538400,195.53866577148438
2023-12-18,193.87591552734375,194.60831249977454,192.39133809002112,194.0738561652729,55751900,193.87591552734375
2023-12-19,194.91513061523438,194.92502236186388,193.87592334681435,194.1431515248431,40714100,194.91513061523438
2023-12-20,192.8268280029297,195.6475162401682,192.8268280029297,194.87553713507947,52242800,192.8268280029297
2023-12-21,192.67832946777344,195.05366217859583,191.5104692555924,194.08374258350807,46482500,192.67832946777344
2023-12-22,191.60946655273438,193.40085423729087,190.98593919883143,193.17320815773428,37149600,191.60946655273438
2023-12-26,191.06515502929688,191.89651492562427,190.847415756177,191.6193949601818,28919300,191.06515502929688
2023-12-27,191.16407775878906,191.51048519395766,189.12526053943682,190.51087517820892,48087700,191.16407775878906
2023-12-28,191.58966064453125,192.65855816674446,191.18387253758047,192.14390044821914,34049900,191.58966064453125
2023-12-29,190.55044555664062,192.40121377472641,189.75866796911842,191.90635467026271,42672100,190.55044555664062
2024-01-02,183.73130798339844,186.5025222946912,181.99930092657837,185.22577720716953,82488700,183.73130798339844
2024-01-03,182.35560607910156,183.96885182302105,181.5440297827802,182.32591573673892,58414500,182.35560607910156
2024-01-04,180.0396728515625,181.2075332827541,179.02026413555495,180.277195595857,71983600,180.0396728515625
2024-01-05,179.31712341308594,180.88087986956805,178.3175135392025,180.11880778339463,62379700,179.31712341308594
2024-01-08,183.65213012695312,183.6917273170526,179.63387614033877,180.21780632812883,59144500,183.65213012695312
2024-01-09,183.23641967773438,183.24631142265767,180.8511952858635,182.02896231346367,42841800,183.23641967773438
2024-01-10,184.27566528320312,184.48349768333688,182.02900036017593,182.4545871112419,46792900,184.27566528320312
2024-01-11,183.6818084716797,185.12680377786887,181.73206228896322,184.6220377994394,49128400,183.6818084716797
2024-01-12,184.00843811035156,184.82001442518902,183.28594792653803,184.14699807850627,40477800,184.00843811035156
2024-01-16,181.7419891357422,182.3655014396163,179.06973745492456,180.28710192352952,65603000,181.7419891357422
2024-01-17,180.80172729492188,181.04915686376333,178.44620806884475,179.40623600410183,47317400,180.80172729492188
2024-01-18,186.69056701660156,187.1953179109023,183.91935276727983,184.17667408756796,78005800,186.69056701660156
2024-01-19,189.59043884277344,189.97642838325277,186.8786203129096,187.38337121910467,68903000,189.59043884277344
2024-01-22,191.896484375,193.32168117146784,190.2832386815117,190.32283587135973,60133900,191.896484375
2024-01-23,193.17323303222656,193.73737977781175,191.83712223283266,193.01488956324005,42355600,193.17323303222656
2024-01-24,192.50021362304688,194.36088890095834,192.34185506707502,193.41075266703035,53631300,192.50021362304688
2024-01-25,192.17359924316406,194.2520137003454,191.124500268323,193.21280647175473,54822100,192.17359924316406
2024-01-26,190.4415740966797,192.75751105858055,189.966513589549,192.27255880614135,44594000,190.4415740966797
2024-01-29,189.75869750976562,190.22386634852867,187.63080907007364,190.03581744325376,47145600,189.75869750976562
2024-01-30,186.1066436767578,189.82799457367844,185.54251203451676,188.97683613469175,55859400,186.1066436767578
2024-01-31,182.50404357910156,185.17629499887522,182.45456974695213,185.11689921687164,55467800,182.50404357910156
2024-02-01,184.93875122070312,185.02782223798647,181.93001441121828,182.0982647000541,64885400,184.93875122070312
2024-02-02,183.9391632080078,185.40394215196616,177.40701599262258,178.01074479617154,102551700,183.9391632080078
2024-02-05,185.7503204345703,187.30418539055444,183.9292424150712,186.21548923655902,69668800,185.7503204345703
2024-02-06,187.35366821289062,187.36355995873058,184.8496822422945,184.93875326056028,43490800,187.35366821289062
2024-02-07,187.46255493164062,189.0856924097343,186.67077723703076,188.67990426473503,53439000,187.46255493164062
2024-02-08,186.38375854492188,187.59120098390878,185.42373058041275,187.44274927884152,40962000,186.38375854492188
2024-02-09,187.14682006835938,188.27653811843788,186.30447993507684,186.9486117161699,45155200,187.14682006835938
2024-02-12,185.46212768554688,186.96842336096995,185.1053738445565,186.72067805809255,41781900,185.46212768554688
2024-02-13,183.37115478515625,184.53061609699293,181.85495475727518,184.0945819491523,56529500,183.37115478515625
2024-02-14,182.4891815185547,183.85674041023526,180.79461213824646,183.64864282656313,54630500,182.4891815185547
2024-02-15,182.20181274414062,182.82613576875198,179.71445525689393,181.8946109768474,65434500,182.20181274414062
2024-02-16,180.66578674316406,183.18288755084293,180.03155935687485,181.76577652013776,49752500,180.66578674316406
2024-02-20,179.92254638671875,180.78469520216953,178.3766181157698,180.15046783149373,53665600,179.92254638671875
2024-02-21,180.6757049560547,181.24055639365764,179.03067248659073,180.2991272502037,41371400,180.6757049560547
2024-02-22,182.70724487304688,183.2919354199223,180.81448179796885,181.8252719884785,52292200,182.70724487304688
2024-02-23,180.8739013671875,183.3711632214272,180.58650833781007,183.34143499372246,45119700,180.8739013671875
2024-02-26,179.5261688232422,181.11172976770854,179.02075870271764,180.59643039937333,40867400,179.5261688232422
2024-02-27,180.98291015625,182.26126931281985,177.94059046680667,179.46671005654383,54318900,180.98291015625
2024-02-28,179.7838134765625,181.46847854843006,178.50545433930714,180.8639793914523,48953900,179.7838134765625
2024-02-29,179.11984252929688,180.9234354771045,177.9108443188521,179.63515696026653,136682600,179.11984252929688
2024-03-01,178.03968811035156,178.90183692569335,175.78025215753124,177.93067957222544,73563100,178.03968811035156
2024-03-04,173.5208282470703,175.30458245485661,172.2226300679557,174.56134649455421,81510100,173.5208282470703
2024-03-05,168.5857391357422,170.48842147609815,168.09024847040442,169.21996658252752,95132400,168.5857391357422
2024-03-06,167.59474182128906,169.69563232435493,167.15870765798908,169.5172478388351,68587700,167.59474182128906
2024-03-07,167.47581481933594,169.1902079797121,166.97041987504164,167.62445594378354,71765100,167.47581481933594
2024-03-08,169.19020080566406,172.13341591430694,167.41635127072408,167.47580771798204,76267000,169.19020080566406
2024-03-11,171.1920166015625,172.80732093128213,170.49833272784605,171.38030546468005,60139500,171.1920166015625
2024-03-12,171.6676788330078,172.4604668624585,169.4676992338398,171.58839851794536,59825400,171.6676788330078
2024-03-13,169.58660888671875,171.6280276345068,169.21993557914925,171.21181736641944,52488700,169.58660888671875
2024-03-14,171.4397430419922,172.73792596009017,170.49831395125625,171.35055836544484,72913500,171.4397430419922
2024-03-15,171.0631561279297,171.0631561279297,168.75416830335303,169.6262365278927,121752700,171.0631561279297
2024-03-18,172.15325927734375,176.107279800922,171.95506605696912,173.98658058844927,75604200,172.15325927734375
2024-03-19,174.49195861816406,175.0171774056643,171.4694631572472,172.76764601394297,55215200,174.49195861816406
2024-03-20,177.05859375,177.05859375,173.5108795488189,174.1352024891535,53423100,177.05859375
2024-03-21,169.82443237304688,175.88924720546055,169.2992135808601,175.4532130863986,106181300,169.82443237304688
2024-03-22,170.72625732421875,171.48931715990707,168.5262776263353,170.210942813777,71160100,170.72625732421875
2024-03-25,169.3091583251953,170.38932429506946,167.92177545566648,169.0316847755244,54288300,169.3091583251953
2024-03-26,168.179443359375,169.8740129173693,168.05061095138228,168.46682128354186,57388400,168.179443359375
2024-03-27,171.74696350097656,172.0343565405087,168.57582642397568,168.87312383270142,60273300,171.74696350097656
2024-03-28,169.93345642089844,170.67669234048742,168.97220342186947,170.20102558587905,65672700,169.93345642089844
2024-04-01,168.49652099609375,169.70551918920845,167.95147834818596,169.64606274055888,46240500,168.49652099609375
2024-04-02,167.3172607421875,167.81275133793278,166.71276161053132,167.55510167176752,49329500,167.3172607421875
2024-04-03,168.1199493408203,169.14065873561202,167.05960735256843,167.26770493028647,47691700,168.1199493408203
2024-04-04,167.29747009277344,170.3695030458197,167.29747009277344,168.75419869027797,53704400,167.29747009277344
2024-04-05,168.05059814453125,168.85329051832247,167.42627513328318,168.06050251317026,42104800,168.05059814453125
2024-04-08,166.93077087402344,167.67400673287588,166.72267330140122,167.50554175274334,37425500,166.93077087402344
2024-04-09,168.13978576660156,168.5460917055098,166.83169838821917,167.17853275073267,42373800,168.13978576660156
2024-04-10,166.266845703125,167.56502882108228,165.60289002910008,167.27765088979615,49709300,166.266845703125
2024-04-11,173.46136474609375,173.877590209879,166.64342350182488,166.82179288243998,91070300,173.46136474609375
2024-04-12,174.957763671875,176.75143752987137,172.6388708981507,172.68840786964623,101670900,174.957763671875
2024-04-15,171.13253784179688,175.03700600653332,170.94424900321735,173.7784557074799,73531800,171.13253784179688
2024-04-16,167.85243225097656,172.19292044576096,166.75244230602124,170.20105330053957,73711200,167.85243225097656
2024-04-17,166.48484802246094,169.11094225529814,166.48484802246094,168.08032842085646,50901200,166.48484802246094
2024-04-18,165.5334930419922,167.11906901091456,165.0479219314042,166.51456987389489,43122900,165.5334930419922
2024-04-19,163.51190185546875,164.89926951971245,162.6002009445124,164.7109957890585,68149400,163.51190185546875
2024-04-22,164.34432983398438,165.75152141981465,163.28398774037723,164.0272236912775,48116400,164.34432983398438
2024-04-23,165.39476013183594,165.54341638804536,163.43262154349364,163.85875133255257,49537800,165.39476013183594
2024-04-24,167.49566650390625,167.77314006308927,164.71101142134987,165.03802194946388,48251800,167.49566650390625
2024-04-25,168.35780334472656,169.07131105182287,166.63349053238153,168.0010494911784,50558300,168.35780334472656
2024-04-26,167.77313232421875,169.79472746518425,167.65420428921547,168.34790327634968,44838400,167.77313232421875
2024-04-29,171.9352264404297,174.4424074952563,171.5388400360099,171.80639405446584,68169400,171.9352264404297
2024-04-30,168.79383850097656,173.41181476528868,168.46681287321124,171.76678225756265,65934800,168.79383850097656
2024-05-01,167.77313232421875,171.1523820898212,167.58484346320657,168.05060587060277,50383100,167.77313232421875
2024-05-02,171.469482421875,171.8559644998941,169.34878317714927,170.95416794412498,94214900,171.469482421875
2024-05-03,181.72613525390625,185.31348231884328,181.01262758822543,184.9666328542693,163224100,181.72613525390625
2024-05-06,180.07119750976562,182.53873097916653,178.79282331517493,180.7054248623681,78569700,180.07119750976562
2024-05-07,180.7549591064453,183.2324120279765,179.68471275097576,181.79549235772294,77305800,180.7549591064453
2024-05-08,181.09190368652344,181.41892928578648,179.81352951475225,181.20091221961113,45057100,181.09190368652344
2024-05-09,182.90541076660156,182.99459544718977,180.4675903156434,180.91352883975787,48983000,182.90541076660156
2024-05-10,181.64517211914062,183.66950932429603,180.7322345449188,183.4809650708303,50759500,181.64517211914062
2024-05-13,184.85035705566406,185.6640710757596,183.2030934113359,184.01680743143146,72044800,184.85035705566406
2024-05-14,185.9915313720703,186.8548647149755,184.8602810891409,186.07091921634225,52393600,185.9915313720703
2024-05-15,188.26397705078125,189.18683240943687,185.9320062923224,186.46787049037354,70400000,188.26397705078125
2024-05-16,188.383056640625,189.6333963773736,188.20444533062346,189.0082265089993,52845200,188.383056640625
2024-05-17,188.41281127929688,189.34559954047234,187.72810435814964,188.0555735439889,41282900,188.41281127929688
2024-05-20,189.57382202148438,190.44707314635468,187.5594028379898,187.87695420764547,44361300,189.57382202148438
2024-05-21,190.87379455566406,191.2508679069906,189.45476137627725,189.62345487533878,42309400,190.87379455566406
2024-05-22,189.4348907470703,191.34016861791716,188.80973611420333,190.79438668312676,34648500,189.4348907470703
2024-05-23,185.44577026367188,189.5341459487459,185.19768892080702,189.51429520164533,51005900,185.44577026367188
2024-05-24,188.52195739746094,189.11735863774422,186.59684388111853,187.37087155015982,36327000,188.52195739746094
2024-05-28,188.53189086914062,191.5187845976106,187.64872194997955,190.04021443649896,52280100,188.53189086914062
2024-05-29,188.82960510253906,190.77456966628964,188.05559245514976,188.15483105781396,53068000,188.82960510253906
2024-05-30,189.82191467285156,190.70508365256933,189.16699143181853,189.29598343446253,49889100,189.82191467285156
2024-05-31,190.77455139160156,191.09210277636024,188.45251367186646,189.9707702687458,75158300,190.77455139160156
2024-06-03,192.5408935546875,193.49353258818425,191.04248767189634,191.41956102246726,50080500,192.5408935546875
2024-06-04,192.85842895507812,193.82098571162214,191.54855228534223,193.14619663099631,47471400,192.85842895507812
2024-06-05,194.3667755126953,195.38886948576234,193.37445009094603,193.9003813531384,54156800,194.3667755126953
2024-06-06,192.9874267578125,194.9919281725913,192.67980832687616,194.1881470745491,41181800,192.9874267578125
2024-06-07,195.37893676757812,195.42855606321456,192.65004206608782,193.1561225415401,53103900,195.37893676757812
2024-06-10,191.6378631591797,195.7857909182053,190.6753063763642,195.3888517006261,97010200,191.6378631591797
2024-06-11,205.56019592285156,205.57012886730556,192.14396771907968,192.1638033246204,172373300,205.56019592285156
2024-06-12,211.4347686767578,218.51003809526938,205.3121079690946,205.77850209290926,198134300,211.4347686767578
2024-06-13,212.59579467773438,215.08652592836702,209.9760562824749,213.09195736730385,97862700,212.59579467773438
2024-06-14,210.8592071533203,213.51863167298376,209.67833763090172,212.20877015870124,70122700,210.8592071533203
2024-06-17,215.00714111328125,217.26964179829142,211.08745883873982,211.7324642876032,93728300,215.00714111328125
2024-06-18,212.6453857421875,216.95208913019513,211.36529274424583,215.9200623200828,79943300,212.6453857421875
2024-06-20,208.07077026367188,212.59578653831548,207.24715355520107,212.28815296354617,86172500,208.07077026367188
2024-06-21,205.89759826660156,210.26382387597764,205.5205097773767,208.77533580800622,241805100,205.89759826660156
2024-06-24,206.5426025390625,211.06760381745957,205.00449518251241,206.12582769938734,80727000,206.5426025390625
2024-06-25,207.46546936035156,209.75773850908567,207.0089930344414,207.54484206411715,55549700,207.46546936035156
2024-06-26,211.61337280273438,213.21101716086312,209.02340313251779,209.87680350658064,66213200,211.61337280273438
2024-06-27,212.45687866210938,214.08429174664712,210.72030917561003,213.04234702641065,49772700,212.45687866210938
2024-06-28,209.00357055664062,214.41175609103416,208.686034302842,214.1140554431902,82542700,209.00357055664062
2024-07-01,215.08651733398438,215.84067914098924,210.29358412725625,210.46227761796723,60402900,215.08651733398438
2024-07-02,218.57952880859375,218.68868521261126,213.44920810314017,214.4911377013164,58046200,218.57952880859375
2024-07-03,219.84970092773438,219.84970092773438,217.34903661716913,218.31159349071294,37369800,219.84970092773438
2024-07-05,224.60292053222656,224.71207692855523,219.94891212590596,219.94891212590596,60412400,224.60292053222656
2024-07-08,226.0715789794922,226.10134753003678,221.53664465186893,225.34717053841655,59085900,226.0715789794922
2024-07-09,226.92494201660156,227.63941744293055,224.63267299949706,226.18069804264906,48076100,226.92494201660156
2024-07-10,231.19195556640625,231.29119415797783,227.49058625437067,227.54020555015646,62627700,231.19195556640625
2024-07-11,225.82347106933594,230.6064710416972,224.0372825383305,229.61414576243664,64710600,225.82347106933594
2024-07-12,228.7706756591797,230.8545649156238,226.92494993371525,227.16311346469493,53046500,228.7706756591797
2024-07-15,232.60105895996094,235.409341553401,231.30111515749465,234.66509753137677,62631300,232.60105895996094
2024-07-16,233.01783752441406,234.4567062015191,230.54694204130521,233.19644881294397,43234300,233.01783752441406
2024-07-17,227.12342834472656,229.6836295353235,224.9006141352506,227.68904591405493,57345900,227.12342834472656
2024-07-18,222.45948791503906,228.67145424701283,220.56415801938329,228.51267855827928,66034600,222.45948791503906
2024-07-19,222.58848571777344,225.05938116686082,221.5663918696606,223.09458131167176,49151500,222.58848571777344
2024-07-22,222.24118041992188,226.03185518490554,221.37784711424985,225.2677604657143,48201800,222.24118041992188
2024-07-23,223.2831268310547,225.19832267550643,220.97100689389265,222.64803919770813,39960300,223.2831268310547
2024-07-24,216.86277770996094,223.0747441599071,215.46361045876344,222.280880842846,61777600,216.86277770996094
2024-07-25,215.82086181640625,219.15507584516317,212.97287755450526,217.24979770728694,51391200,215.82086181640625
2024-07-26,216.2872314453125,217.80548795978973,214.35218497553956,217.02154248476683,41601300,216.2872314453125
2024-07-29,216.56509399414062,217.61695646267233,214.0941983741811,215.29491873308154,36311800,216.56509399414062
2024-07-30,217.1208038330078,218.63906050664175,214.4613638470993,217.50781013919521,41643800,217.1208038330078
2024-07-31,220.3756103515625,222.10226187087767,218.93674165630796,219.7405227481965,50036300,220.3756103515625
2024-08-01,216.6841583251953,222.7571844619209,215.35444602521784,222.64802807062824,62501000,216.6841583251953
2024-08-02,218.17263793945312,223.86859053089324,216.03914463167754,217.46808032420208,105568600,218.17263793945312
2024-08-05,207.66392517089844,211.8614570593827,194.49576385779395,197.56204548052773,119548600,207.66392517089844
2024-08-06,205.6395721435547,208.3783997216886,199.52685967053256,203.72439154098564,69660500,205.6395721435547
2024-08-07,208.20970153808594,212.00037630720823,204.80601788828693,205.31209833985366,63516400,208.20970153808594
2024-08-08,211.67291259765625,212.5560815310077,207.22729938249148,211.47445056104476,47161100,211.67291259765625
2024-08-09,214.5804443359375,215.11629337558463,210.3432107490655,210.47221789303094,42201600,214.5804443359375
2024-08-12,216.11038208007812,218.07745621052726,214.19298467780987,214.65991863613397,38028100,216.11038208007812
2024-08-13,219.82598876953125,220.44193777769505,217.58072790378117,217.58072790378117,44155300,219.82598876953125
2024-08-14,220.27304077148438,221.5744891931242,218.2662191901357,219.13055181670978,41960600,220.27304077148438
2024-08-15,223.25347900390625,223.8793724762866,221.30626328939533,223.13426697458056,46414000,223.25347900390625
2024-08-16,224.57479858398438,225.34970708383625,222.19045191126241,222.45869413327577,44340200,224.57479858398438
2024-08-19,224.41583251953125,224.51518597934856,221.58442566604344,224.2469437652095,40687800,224.41583251953125
2024-08-20,225.0317840576172,225.68748051768907,223.97870407222223,224.29662301984854,30299000,225.0317840576172
2024-08-21,224.92251586914062,226.49220666639903,223.58133501497932,225.04174306182065,34765500,224.92251586914062
2024-08-22,223.06471252441406,226.84984597984075,222.43881906323927,226.30343225653021,43695300,223.06471252441406
2024-08-23,225.35963439941406,226.73063334528243,222.866020162344,224.187342377279,38677300,225.35963439941406
2024-08-26,225.6973876953125,225.7967411465175,222.4288653159012,225.2801304868265,30602200,225.6973876953125
2024-08-27,226.5418701171875,227.35652605602343,223.4223624308928,224.52511915345738,35934600,226.5418701171875
2024-08-28,225.0119171142578,228.35991942602843,224.20719049274723,226.43257756563742,38052200,225.0119171142578
2024-08-29,228.29039001464844,231.3999685703833,227.38634017099784,228.59837969678284,51906300,228.29039001464844
2024-08-30,227.5055389404297,228.89639643358683,225.99545426270925,228.68777538921813,52990800,227.5055389404297
2024-09-03,221.3162078857422,227.50554667965343,219.72664341730942,227.05848641015993,50190600,221.3162078857422
2024-09-04,219.4087371826172,220.33266071869627,216.06071952153204,220.21344869061124,43840200,219.4087371826172
2024-09-05,220.9287567138672,224.0085170705176,220.07436845302396,220.1836512012438,36615400,220.9287567138672
2024-09-06,219.37892150878906,223.7700744804958,218.33577084564575,222.4884846157397,48423000,219.37892150878906
2024-09-09,219.4683380126953,219.82598924771256,215.2957503769675,219.37892899374344,67180000,219.4683380126953
2024-09-10,218.67355346679688,220.03460793809228,215.31560663834654,217.49131703149231,51591000,218.67355346679688
2024-09-11,221.2069091796875,221.63409569372266,216.46803428284608,220.01474349397893,44587100,221.2069091796875
2024-09-12,221.3162078857422,222.09111639532034,218.38546260882887,221.04796566036197,37455600,221.3162078857422
2024-09-13,221.04794311523438,222.57788625371046,220.461797151476,222.12089674811224,36766600,221.04794311523438
2024-09-16,214.90830993652344,215.80243050187988,212.52396316355507,215.12686027714844,59357400,214.90830993652344
2024-09-17,215.37521362304688,215.48449636527135,213.10016491936787,214.34200737227792,45519300,215.37521362304688
2024-09-18,219.249755859375,221.2565773677011,216.12030400107497,216.1302484418979,59894900,219.249755859375
2024-09-19,227.3763885498047,228.32020097310811,223.16406850984052,223.52171975466862,66781300,227.3763885498047
2024-09-20,226.7107696533203,231.56885703306253,226.13455289925716,228.4692229235467,318679900,226.7107696533203
2024-09-23,224.99205017089844,227.95259834339626,224.33635371548323,225.8563676699032,54146000,224.99205017089844
2024-09-24,225.88616943359375,227.85325878901892,224.25687274556688,227.15781488965328,43556100,225.88616943359375
2024-09-25,224.8927001953125,225.80669443859438,222.55804543582803,223.462095237407,42308700,224.8927001953125
2024-09-26,226.03518676757812,227.00878694842402,223.93895622483703,225.81662129607273,36636700,226.03518676757812
2024-09-27,226.3034210205078,228.02214184296878,225.8166284941723,226.9690618971705,34026000,226.3034210205078
2024-09-30,231.47943115234375,231.47943115234375,228.1512873446241,228.5387415800987,54541900,231.47943115234375
2024-10-01,224.73373413085938,228.15127156053518,222.2798524228829,228.0221302637843,63285000,224.73373413085938
2024-10-02,225.30003356933594,225.8861795938886,221.56457676904253,224.41584231153624,32880600,225.30003356933594
2024-10-03,224.19725036621094,225.3298099915582,221.86259582618194,223.6707104185886,34044200,224.19725036621094
2024-10-04,225.3199005126953,226.5120662505933,222.66732681912907,226.41271278943105,37245100,225.3199005126953
2024-10-07,220.24325561523438,224.2171516536621,219.8856043654075,223.0349151567562,39505400,220.24325561523438
2024-10-08,224.29661560058594,224.5052366387564,221.79305702807565,222.83620769655573,31855700,224.29661560058594
2024-10-09,228.04202270507812,228.25065892191472,223.36276850208282,223.76015205132026,33591100,228.04202270507812
2024-10-10,227.54525756835938,228.00226223679437,225.68746620848788,226.2934858996686,28183500,227.54525756835938
2024-10-11,226.06500244140625,227.91286461183438,225.85636623992795,227.80358186995707,31759200,226.06500244140625
2024-10-14,229.79051208496094,230.21769857807328,227.10813563369229,227.20747392643057,39882100,229.79051208496094
2024-10-15,232.3238983154297,235.9401430278398,230.85354589755886,232.08545910083197,64751400,232.3238983154297
2024-10-16,230.26739501953125,230.60517253033711,228.34005309673006,230.0885769817669,34082200,230.26739501953125
2024-10-17,230.6349639892578,232.3238817771462,229.01561181125544,231.90660939150177,32993800,230.6349639892578
2024-10-18,233.4663848876953,234.63867690560429,232.4828401919167,234.63867690560429,46431500,233.4663848876953
2024-10-21,234.9367218017578,235.30431748145634,232.9199708414818,232.9199708414818,36254500,234.9367218017578
2024-10-22,234.32078552246094,234.67843677993508,231.0820656392084,232.36364046895116,38846600,234.32078552246094
2024-10-23,229.2540283203125,233.6054487889833,226.2736066643371,232.552368896012,52287000,229.2540283203125
2024-10-24,229.06527709960938,229.31364556669442,226.9193699057847,228.47911599629046,31109500,229.06527709960938
2024-10-25,229.89981079101562,231.69799621804017,228.07182235817814,228.2407111108546,38802300,229.89981079101562
2024-10-28,231.8768310546875,233.1981533252385,231.03238723011694,231.79736647290133,36087100,231.8768310546875
2024-10-29,232.1450653076172,232.80076177889833,230.80388451731673,231.5787930163908,35417200,232.1450653076172
2024-10-30,228.59835815429688,231.94636045913163,228.05194445904854,231.09197226998216,47070900,228.59835815429688
2024-10-31,224.43572998046875,228.33014650168323,223.8992454954501,227.84333875182722,64370100,224.43572998046875
2024-11-01,221.45529174804688,223.87937072005496,218.83252100898451,219.52794977327943,65276700,221.45529174804688
2024-11-04,220.56114196777344,221.33605042122997,218.2761640538016,219.54780947276666,44944500,220.56114196777344
2024-11-05,221.99176025390625,222.48849724939907,219.69683776020295,220.3525342324639,28111300,221.99176025390625
2024-11-06,221.2665252685547,224.5946691536601,219.74651129717958,221.15724252476647,54561100,221.2665252685547
2024-11-07,225.9954376220703,226.39283627600352,223.1044401056504,223.16404611393824,42137700,225.9954376220703
2024-11-08,225.72694396972656,227.41770491673495,225.17992905795916,225.93579455138124,38328800,225.72694396972656
2024-11-11,223.01174926757812,224.47376393957063,220.29658566640109,223.77757009002366,42005600,223.01174926757812
2024-11-12,223.01174926757812,224.36436096493557,222.14648085284745,223.33001798502116,40398300,223.01174926757812
2024-11-13,223.8969268798828,225.41861323491412,221.54974806168275,222.79295685996902,48566200,223.8969268798828
2024-11-14,226.98008728027344,227.62654977508777,223.77758025105393,223.79747584076947,44923900,226.98008728027344
2024-11-15,223.77755737304688,225.6871240415238,223.05152776948486,225.1699449930133,47923700,223.77755737304688
2024-11-18,226.7811737060547,228.49183017609323,223.94665165924164,224.0262188410909,44633700,226.7811737060547
2024-11-19,227.0397491455078,228.90953992555222,225.4285554930197,225.74680903538962,36211800,227.0397491455078
2024-11-20,227.75584411621094,228.68078414631773,224.6627401240164,226.82094870348703,35169600,227.75584411621094
2024-11-21,227.2784423828125,228.9095315645878,224.48371169719937,227.63648708983084,42108300,227.2784423828125
2024-11-22,228.62110900878906,229.46649702017746,226.82094518602503,226.82094518602503,38168300,228.62110900878906
2024-11-25,231.60479736328125,231.982737654973,228.4918131754458,230.2024695182051,90152800,231.60479736328125
2024-11-26,233.7829132080078,234.29015208323423,232.06231657216094,232.06231657216094,45986200,233.7829132080078
2024-11-27,233.6536407470703,234.40952145314378,232.539730455033,233.19614838107907,33498400,233.6536407470703
2024-11-29,236.04058837890625,236.51797629056327,232.698842645531,233.5342752849028,28481400,236.04058837890625
2024-12-02,238.28829956054688,239.4817769036961,235.8715090788613,235.9809120539101,48137100,238.28829956054688
2024-12-03,241.33168029785156,241.441083276618,237.60205398884364,238.50711361537608,38861000,241.33168029785156
2024-12-04,241.68971252441406,242.78374225546824,239.9392801306149,241.55047375645148,44383900,241.68971252441406
2024-12-05,241.71954345703125,243.21139387343032,240.81449907142343,242.66439419479377,40033900,241.71954345703125
2024-12-06,241.5206298828125,243.30091318780651,240.76476447856876,241.59025685240857,36870600,241.5206298828125
2024-12-09,245.40939331054688,245.89673657618508,240.43655859300793,240.51612576959502,44649200,245.40939331054688
2024-12-10,246.4238739013672,246.861485816723,244.0070681600661,245.54865007065558,36914800,246.4238739013672
2024-12-11,245.15081787109375,249.43739908317045,244.92205654138039,246.61283253090062,45205800,245.15081787109375
2024-12-12,246.6128387451172,247.3885997871069,244.34521203481492,245.54864477609476,32777500,246.6128387451172
2024-12-13,246.7819061279297,247.9355922748061,244.90217516923994,246.47359279661413,33155300,246.7819061279297
2024-12-16,249.67608642578125,250.01425073054844,246.3045049916291,246.6426692963963,51694800,249.67608642578125
2024-12-17,252.1028289794922,252.45093348613432,248.42293425963442,248.72130738305802,51356400,252.1028289794922
2024-12-18,246.7023468017578,252.89849494785605,246.39403346062903,250.7900177691265,56774100,246.7023468017578
2024-12-19,248.43287658691406,250.6308762664829,245.7475488049507,246.15532490458142,60882300,248.43287658691406
2024-12-20,253.10736083984375,253.6145845456153,244.35516822034685,246.69239156062656,147495300,253.10736083984375
2024-12-23,253.8831329345703,254.2610580907384,252.07301363460223,253.38584941381717,40858800,253.8831329345703
2024-12-24,256.7972412109375,256.80716624287646,253.90303208844082,254.101957652135,23234700,256.7972412109375
2024-12-26,257.61273193359375,258.6868812844183,256.23029959445824,256.78725468311694,27237100,257.61273193359375
2024-12-27,254.20138549804688,257.294504767908,251.68513210698922,256.4292059497028,42355300,254.20138549804688
2024-12-30,250.82980346679688,252.122743648892,249.38768429964367,250.8596392638085,35557500,250.82980346679688
2024-12-31,249.05947875976562,251.90394112888606,248.07485191726244,251.06850844936815,39480700,249.05947875976562
2025-01-02,242.52516174316406,247.74663833648884,240.50619200781614,247.57754859678104,55740700,242.52516174316406
2025-01-03,242.03781127929688,242.853348279154,240.57579666249651,242.03781127929688,40244100,242.03781127929688
2025-01-06,243.66891479492188,245.98625772407811,241.87869116125097,242.98266113735735,45045600,243.66891479492188
2025-01-07,240.8940887451172,244.21593900697974,240.03876048613398,241.6598944370817,40856000,240.8940887451172
2025-01-08,241.3813934326172,242.3859157551251,238.74579711055483,240.605632433071,37628900,241.3813934326172
2025-01-10,235.5631866455078,238.85520080045117,231.73409784256125,238.70600665338932,61710900,235.5631866455078
2025-01-13,233.12649536132812,233.39503269669683,228.47192915300568,232.2612269401141,49630700,233.12649536132812
2025-01-14,232.0125732421875,234.83713969366363,231.2069764534674,233.47458784982285,39435300,232.0125732421875
2025-01-15,236.57763671875,237.66172623332486,233.15632396556444,233.36518970349533,39832000,236.57763671875
2025-01-16,227.0198516845703,236.7168796666606,226.79110553013876,236.06047699847062,71759100,227.0198516845703
2025-01-17,228.7305145263672,231.0279618693864,227.2386640256131,230.85888730040747,68488300,228.7305145263672
2025-01-21,221.43038940429688,223.20071739531107,218.1881065481907,222.783001089375,98070400,221.43038940429688
2025-01-22,222.61392211914062,222.90233985709415,218.59586314481808,218.59586314481808,64126500,222.61392211914062
2025-01-23,222.44485473632812,225.7965406078772,221.09224303438072,223.51898889751178,60234800,222.44485473632812
2025-01-24,221.5696258544922,224.4041477572621,220.2070739772995,223.55875977197638,54697900,221.5696258544922
2025-01-27,228.61114501953125,230.88869651104676,222.76308687365625,222.80287804759197,94863400,228.61114501953125
2025-01-28,236.9655303955078,238.88505261672515,229.5560092044273,229.59580038333414,75707600,236.9655303955078
2025-01-29,238.0595703125,238.55685383878983,232.73863051084334,232.84803349366265,45486100,238.0595703125
2025-01-30,236.29916381835938,239.48177510143526,235.9212386876704,237.37329797187644,55658300,236.29916381835938
2025-01-31,234.71780395507812,245.8470107317681,232.1717149504871,245.8470107317681,100959800,234.71780395507812
2025-02-03,226.77120971679688,230.5704628324937,224.47376244068877,228.7404632470789,73063300,226.77120971679688
2025-02-04,231.5352020263672,231.86341095944582,225.4186058340825,226.0153521080233,45067300,231.5352020263672
2025-02-05,231.2069854736328,231.4058958330951,227.0298072213747,227.2883891710869,39620300,231.2069854736328
2025-02-06,231.95291137695312,232.5297620441898,229.17806101517482,230.03338922164468,29925300,231.95291137695312
2025-02-07,226.39328002929688,232.72866665415378,226.0252799376335,231.33627899238985,39707200,226.39328002929688
2025-02-10,226.66209411621094,229.58933825388894,226.21404995469493,228.57377553913867,33115600,226.66209411621094
2025-02-11,231.6105499267578,234.20922454356437,227.1400438259152,227.2097321635687,53718400,231.6105499267578
2025-02-12,235.84210205078125,235.93172304376256,229.67896101319025,230.19670873650108,45243300,235.84210205078125
2025-02-13,240.48187255859375,241.28835511000761,234.54774465400956,235.8819260401158,53614100,240.48187255859375
2025-02-14,243.53855895996094,244.484433375407,239.94422402720738,240.2030902821229,40896200,243.53855895996094
2025-02-18,243.40911865234375,244.11602908498713,240.7905267294893,243.0905000064508,48822500,243.40911865234375
2025-02-19,243.80738830566406,244.94244069837237,242.10481731288857,243.59830810290342,32204200,243.80738830566406
2025-02-20,244.7632293701172,245.7091038330044,243.2299036494767,243.87709210808563,32316900,244.7632293701172
2025-02-21,244.48443603515625,247.61080936192474,244.15586625078134,244.88269415360097,53197400,244.48443603515625
2025-02-24,246.0277099609375,247.7800669312537,243.3593319822528,243.86711335623195,51326400,246.0277099609375
2025-02-25,245.9679718017578,248.91513366913293,243.84722519384715,246.92381259977986,48013300,245.9679718017578
2025-02-26,239.3169403076172,243.91688660847365,238.09228223905913,243.26971340939616,44433600,239.3169403076172
2025-02-27,236.27024841308594,241.40786042901627,236.0312844149354,238.37109275336516,41153600,236.27024841308594
2025-02-28,240.79052734375,241.03944246427386,229.2010399398617,235.92174819400608,56833400,240.79052734375
2025-03-03,236.9970703125,242.97103338088397,235.08540395372597,240.7407483660274,47184000,236.9970703125
2025-03-04,234.9061737060547,239.02822274747484,233.6615980851158,236.6784633674393,53798100,234.9061737060547
2025-03-05,234.7169952392578,235.5234777567522,228.23523611666363,234.3983766092207,47227600,234.7169952392578
2025-03-06,234.30877685546875,236.82779659290307,232.14819548977783,233.42263965762712,45170400,234.30877685546875
2025-03-07,238.03256225585938,240.32256924437755,233.74125275300776,234.08974000390756,46273600,238.03256225585938
2025-03-10,226.49285888671875,235.13520040766255,223.24701094546666,234.51788053236876,72071200,226.49285888671875
2025-03-11,219.8816680908203,224.85997074742775,216.5063794973434,222.83878108425105,76137400,219.8816680908203
2025-03-12,216.0384063720703,220.78771110845915,213.9773970817033,219.18469713036333,62547500,216.0384063720703
2025-03-13,208.7700958251953,215.89902897504837,207.51556900756947,215.01289169752292,61368300,208.7700958251953
2025-03-14,212.56358337402344,213.0215787344478,208.6705468475424,210.33329819835652,60107600,212.56358337402344
2025-03-17,213.07135009765625,214.28605714072168,209.0588394397278,212.3843419118567,48073400,213.07135009765625
2025-03-18,211.7670135498047,214.21632963340127,210.57222410469132,213.23063555765447,42432400,211.7670135498047
2025-03-19,214.3059539794922,217.81066771448715,212.82241448637808,213.29037609854922,54385400,214.3059539794922
2025-03-20,213.17091369628906,216.5462020975973,211.29906714235267,213.0613904363763,48862900,213.17091369628906
2025-03-21,217.3227996826172,217.89031821027265,210.3631280198309,210.64191171632342,94127800,217.3227996826172
2025-03-24,219.7721405029297,220.5188858867363,217.63147647971348,220.04097309502072,44299500,219.7721405029297
2025-03-25,222.77903747558594,223.12752472855482,219.1249652538438,219.81197343150768,34493600,222.77903747558594
2025-03-26,220.56866455078125,224.04352508950674,219.51326687455483,222.5400680439697,34466100,220.56866455078125
2025-03-27,222.87860107421875,224.0136533961419,219.6028696378956,220.4292696466093,37094800,222.87860107421875
2025-03-28,216.9544219970703,222.8387793372666,216.73537546649092,220.7080664246457,39818600,216.9544219970703
2025-03-31,221.1660614013672,224.6409066608951,215.29165561007284,216.0682695484103,65299300,221.1660614013672
2025-04-01,222.22146606445312,222.70932997882656,217.95007407622174,218.85612876373423,36412700,222.22146606445312
2025-04-02,222.91842651367188,224.21278818927524,220.06088576879955,220.3595869543347,35905900,222.91842651367188
2025-04-03,202.30825805664062,206.58960121618028,200.37667426890133,204.64805110026137,103419000,202.30825805664062
2025-04-04,187.56253051757812,199.01262630823254,186.52703508606032,193.0486144227304,125910900,187.56253051757812
2025-04-07,180.6725616455078,193.30748067285785,173.86223225537526,176.43103817745248,160466300,180.6725616455078
2025-04-08,171.67178344726562,189.5140179775097,168.47572171547168,185.88981432593783,120859500,171.67178344726562
2025-04-09,197.98709106445312,199.7394480269994,171.14407803694525,171.20381523449285,184395900,197.98709106445312
2025-04-10,189.5936737060547,193.93475416517637,182.20587449762067,188.24954112448538,121880000,189.5936737060547
2025-04-11,197.2901153564453,198.67408279715283,185.2525839628914,185.2924188893916,87435900,197.2901153564453
2025-04-14,201.64117431640625,212.01595519155484,200.28707539108044,210.52246440005902,101352900,201.64117431640625
2025-04-15,201.2628173828125,202.62686743682656,198.93297540670014,200.98403365195668,51343900,201.2628173828125
2025-04-16,193.42697143554688,199.82906121923162,191.5352073519423,197.49921927320653,59732400,193.42697143554688
2025-04-17,196.12521362304688,197.96719174329118,193.5763250102755,196.34426016251078,52164700,196.12521362304688
2025-04-21,192.32177734375,192.958999427942,188.98630873883343,192.43130060162235,46742500,192.32177734375
2025-04-22,198.8732452392578,200.715208155226,195.1196006832811,195.26894368988752,52976400,198.8732452392578
2025-04-23,203.71214294433594,207.09738254349836,201.9199510184256,205.10606155750318,52929200,203.71214294433594
2025-04-24,207.4657745361328,207.92378505310097,202.0593452871763,204.00088023313933,47311000,207.4657745361328
2025-04-25,208.371826171875,208.8397878176709,205.30519003897632,205.47445049920006,38222300,208.371826171875
2025-04-28,209.2281036376953,210.5822025692478,206.55974070372147,209.08871177088434,38743100,209.2281036376953
2025-04-29,210.29345703125,211.31898611202763,207.46576971677675,207.78438836336602,36827600,210.29345703125
2025-04-30,211.57785034179688,212.65316547487808,205.7731479657814,208.39173986928208,52286500,211.57785034179688
2025-05-01,212.39430236816406,213.62891164873253,207.99346964638974,208.1726964341785,57365700,212.39430236816406
2025-05-02,204.45889282226562,206.0917754590827,201.2827333487594,205.19567188008233,101010600,204.45889282226562
2025-05-05,198.02691650390625,203.21431440062256,197.34987465543003,202.21865389928206,69018500,198.02691650390625
2025-05-06,197.64854431152344,199.77925700053618,196.165020010421,197.3498583398735,51216500,197.64854431152344
2025-05-07,195.3983612060547,198.5745204381265,192.4113798882551,198.30568786560423,68536700,195.3983612060547
2025-05-08,196.63299560546875,199.18188402861682,193.83517686729027,196.86199326420865,50478900,196.63299560546875
2025-05-09,197.66848754882812,199.66975978270045,196.68277813613466,198.13644922219603,36453900,197.66848754882812
2025-05-12,210.15048217773438,210.62903686932515,206.12274573806786,210.32994399020487,63775800,210.15048217773438
2025-05-13,212.2840118408203,212.7525871854542,208.36594186281494,209.7915962682986,51909300,212.2840118408203
2025-05-14,211.68582153320312,213.29093762104833,209.94113079478424,211.78550901932945,49325800,211.68582153320312
2025-05-15,210.8084716796875,212.31390017581901,208.90426284202815,210.3099886465303,45029500,210.8084716796875
2025-05-16,210.6190643310547,211.92510277199543,209.1335944967917,211.71573318604425,54737900,210.6190643310547
2025-05-19,208.14659118652344,208.84446444770495,203.64029993754312,207.27923550566183,46140500,208.14659118652344
2025-05-20,206.232421875,207.83753801206538,204.40797196423648,207.03996203611737,42496600,206.232421875
2025-05-21,201.4768829345703,206.41186226922272,200.10108001028593,204.5475404614086,59211800,201.4768829345703
2025-05-22,200.7490997314453,202.1348820380274,199.09413231135568,200.1010778345708,46742400,200.7490997314453
2025-05-23,194.67758178710938,197.10020219746903,192.8730755135501,193.0824298832746,78432900,194.67758178710938
2025-05-27,199.60260009765625,200.1309909415137,196.83102019804124,197.6983910952664,56288500,199.60260009765625
2025-05-28,199.81195068359375,202.11494001836002,199.2935240345892,199.98143310081724,45339700,199.81195068359375
2025-05-29,199.3433837890625,203.19167383577107,197.90775006205254,202.9623758748587,51396800,199.3433837890625
2025-05-30,200.24066162109375,201.3472946799051,196.18300200128658,198.7651407343476,70819900,200.24066162109375
2025-06-02,201.08807373046875,201.51677709467234,199.51286535414474,199.67238359256916,35423300,201.08807373046875
2025-06-03,202.6533203125,203.1518034040851,200.35033086337637,200.73914706631285,46381600,202.6533203125
2025-06-04,202.20468139648438,205.6143037964219,201.48686455307688,202.29440469878628,43604000,202.20468139648438
2025-06-05,200.02133178710938,204.12882762641604,199.54277706238673,202.88261988754903,55126100,200.02133178710938
2025-06-06,203.30133056640625,205.07592905349443,201.4370087789868,202.3841235560851,46607700,203.30133056640625
2025-06-09,200.83883666992188,205.37503589356555,199.4131823149893,203.76991971327615,72862600,200.83883666992188
2025-06-10,202.05511474609375,203.73002568042446,199.96149509379936,199.9914028593682,54672600,202.05511474609375
2025-06-11,198.17694091796875,203.8795888248368,197.8080682902945,202.88262262031438,60989900,198.17694091796875
2025-06-12,198.5956573486328,199.07419684911244,196.7612432530472,198.47602627663701,43904600,198.5956573486328
2025-06-13,195.85398864746094,199.76209396079906,195.1062640673262,199.12403626091725,51447300,195.85398864746094
2025-06-16,197.8180389404297,198.08722408394675,195.96368113091867,196.7014416228738,43020700,197.8180389404297
2025-06-17,195.0464630126953,197.7881200100286,194.61777485692886,196.60172782081946,38856200,195.0464630126953
2025-06-18,195.9835968017578,196.97059871241268,194.4781834746436,195.34553910938874,45394700,195.9835968017578
2025-06-20,200.39019775390625,201.08807102199273,196.2627584683704,197.63857663438114,96813500,200.39019775390625
2025-06-23,200.888671875,201.686247808318,198.3563846401482,201.01828233775666,55814300,200.888671875
2025-06-24,199.6923065185547,202.82277936444737,199.59260382672892,201.9753521214132,54064000,199.6923065185547
2025-06-25,200.94850158691406,203.05210084338043,200.01135094007643,200.83883469818846,39525700,200.94850158691406
2025-06-26,200.39019775390625,202.025221644493,198.85487656411598,200.81888589983927,50799100,200.39019775390625
2025-06-27,200.46995544433594,202.60346239871808,199.39323017588663,201.2774955925489,73188600,200.46995544433594
2025-06-30,204.54754638671875,206.7608124915243,198.6554726965608,201.39712965217615,91912800,204.54754638671875
2025-07-01,207.18951416015625,209.55231908550664,205.51460310500556,206.04299395149746,78788900,207.18951416015625
2025-07-02,211.79550170898438,212.6927652029137,207.50854401160626,208.27621224418834,67941800,211.79550170898438
2025-07-03,212.90213012695312,213.9987837940836,211.16740350258758,211.5063683517463,34955800,212.90213012695312
2025-07-07,209.3130340576172,215.57398008038285,208.16652910348648,212.03474730839852,50229000,209.3130340576172
2025-07-08,209.3728485107422,210.78853856973336,207.81758380403343,209.46258702266434,42848900,209.3728485107422
2025-07-09,210.49942016601562,210.68884615759353,206.5913149088396,208.89430414855983,48749400,210.49942016601562
2025-07-10,211.7655792236328,212.83232507172787,209.39279496736208,209.87133445003573,44443600,211.7655792236328
2025-07-11,210.51937866210938,211.48643705736623,209.2233196075129,209.931172276849,39765800,210.51937866210938
2025-07-14,207.98707580566406,210.27013683517245,206.91035052542594,209.29309904361602,38840100,207.98707580566406
2025-07-15,208.4755859375,211.24715053377864,208.28615994072268,208.5852528191871,42296300,208.4755859375
2025-07-16,209.52239990234375,211.75559423754484,208.00700716596054,209.6619745482938,47490500,209.52239990234375
2025-07-17,209.38284301757812,211.1574416148312,208.95413964633332,209.93117746335784,48068100,209.38284301757812
2025-07-18,210.53929138183594,211.1474413046512,209.06378582955284,210.23023432823226,48974600,210.53929138183594
2025-07-21,211.83535766601562,215.12534891613055,210.98794558852114,211.45652088357517,51377400,211.83535766601562
2025-07-22,213.74952697753906,214.29786137817433,211.58611235366487,212.49335516085276,46404100,213.74952697753906
2025-07-23,213.5002899169922,214.4972560435483,211.76557859278188,214.3477172095632,46989300,213.5002899169922
2025-07-24,213.11148071289062,215.03563331063384,212.8821827557749,213.25105536667797,46022600,213.11148071289062
2025-07-25,213.2311248779297,214.58699944946258,212.7525701732737,214.04862920984866,40268800,213.2311248779297
2025-07-28,213.40060424804688,214.19818019857897,212.41360229785764,213.3806606658472,37858000,213.40060424804688
2025-07-29,210.62904357910156,214.1582970701604,210.18041185237743,213.53020352524888,51411700,210.62904357910156
2025-07-30,208.415771484375,211.74563469104578,207.0898047125579,211.25711581327238,45512500,208.415771484375
2025-07-31,206.9402618408203,209.2033639475293,206.5315020865265,207.85746883247032,80698400,206.9402618408203
2025-08-01,201.76602172851562,212.93203997684435,200.88868661623732,210.23025491744008,104434500,201.76602172851562
2025-08-04,202.7330780029297,207.24933356384108,201.06813110178,203.8895472057539,75109300,202.7330780029297
2025-08-05,202.30438232421875,204.71703873665678,201.5466934780596,202.78292184745098,44155100,202.30438232421875
2025-08-06,212.60302734375,214.72657006985978,204.96626313259566,205.00615029681612,108483100,212.60302734375
2025-08-07,219.3624725341797,220.1799921230299,215.92294217468134,218.21596748517925,90224800,219.3624725341797
2025-08-08,228.65420532226562,230.29919347638386,218.58484056145957,220.16004899168945,113854000,228.65420532226562
2025-08-11,226.74781799316406,229.12329528601256,224.3324234952035,227.4864157407103,61806100,226.74781799316406
2025-08-12,229.21310424804688,230.36092560837628,226.63802588155738,227.57622481823222,55626200,229.21310424804688
2025-08-13,232.88612365722656,234.55294488479396,229.99163136972763,230.6304284784954,69878500,232.88612365722656
2025-08-14,232.33717346191406,234.67271834509882,230.41085227691244,233.61473725595164,51916300,232.33717346191406
2025-08-15,231.1494140625,233.834298979768,228.9036945156081,233.5548328767578,56038700,231.1494140625
2025-08-18,230.45074462890625,232.67649791960375,229.6722297518056,231.2592012143754,37476200,230.45074462890625
2025-08-19,230.1213836669922,232.42698672077375,228.9136940815642,230.84001516813981,39402600,230.1213836669922
2025-08-20,225.5800323486328,230.0315543310328,225.3404986724704,229.54248102593337,42263900,225.5800323486328
2025-08-21,224.47213745117188,226.08906587116957,223.3542730460458,225.8395414786139,30621200,224.47213745117188
2025-08-22,227.3267059326172,228.65417758009713,224.98118568943215,225.73973438952316,42477800,227.3267059326172
2025-08-25,226.7278594970703,228.86378779922748,225.79962078901826,226.0491451945495,30983100,226.7278594970703
2025-08-26,228.87376403808594,229.0534295301293,224.26255788237486,226.43840339540802,54575100,228.87376403808594
2025-08-27,230.05152893066406,230.46073738560713,227.82576024347395,228.17510050695543,31259500,230.05152893066406
2025-08-28,232.11758422851562,232.9659733126178,228.90370861616245,230.3809040856524,38074700,232.11758422851562
2025-08-29,231.69837951660156,232.9360260407387,230.92984008944924,232.0676707602769,39418400,231.69837951660156
2025-09-02,229.28298950195312,230.4108447009183,226.53822101083426,228.81388239599917,44075600,229.28298950195312
2025-09-03,238.01634216308594,238.395624134605,233.9141603097862,236.75874463665696,66427800,238.01634216308594
2025-09-04,239.3238525390625,239.4436193831587,236.28964239378743,237.9963808412042,47549400,239.3238525390625
2025-09-05,239.2340087890625,240.86091270031892,238.03629475202086,239.54341659874092,54870400,239.2340087890625
2025-09-08,237.42745971679688,239.69313028194867,235.89038089866295,238.84475646782593,48999500,237.42745971679688
2025-09-09,233.9041748046875,238.3257397896772,232.9160527142261,236.54912730927947,66313900,233.9041748046875
2025-09-10,226.35855102539062,231.97784546194652,225.52015268533836,231.7482872752143,83440800,226.35855102539062
2025-09-11,229.59239196777344,230.01159113632517,226.21881717306923,226.44839058875493,50208600,229.59239196777344
2025-09-12,233.62472534179688,234.0638755168574,228.58432913969838,228.78394562468256,55824200,233.62472534179688
2025-09-15,236.24969482421875,237.7368657054393,234.58287368836292,236.54912714503797,42699500,236.24969482421875
2025-09-16,237.6969451904297,240.76111223381088,235.87043992435724,236.72878926810645,63421100,237.6969451904297
2025-09-17,238.5353546142578,239.6432435766681,237.27774187166392,238.5153883976145,46508000,238.5353546142578
2025-09-18,237.42745971679688,240.74113579799257,236.199788714976,239.5134800259323,44249600,237.42745971679688
2025-09-19,245.032958984375,245.83144010441063,239.7530294205925,240.77107799962133,163741300,245.032958984375
2025-09-22,255.5928192138672,256.15178189089505,247.64797087114997,247.82763635806887,105517400,255.5928192138672
2025-09-23,253.9459686279297,256.8504363399061,253.0975947938589,255.39322235208516,60275200,253.9459686279297
2025-09-24,251.8300018310547,255.2534845023776,250.56241362070242,254.73446948849343,42303700,251.8300018310547
2025-09-25,256.3813171386719,256.6807646844572,251.2311452680336,252.72829161839874,55202100,256.3813171386719
2025-09-26,254.97401428222656,257.10994249251326,253.2972024297037,253.61660096533106,46076300,254.97401428222656
2025-09-29,253.9459686279297,254.5148915782133,252.52867184357527,254.0757261912774,40127700,253.9459686279297
2025-09-30,254.14559936523438,255.4331385813304,252.6284867333586,254.37515755125318,37704300,254.14559936523438
2025-10-01,254.9640350341797,258.29769267334166,254.44502000530687,254.55481135314994,48713900,254.9640350341797
2025-10-02,256.6408386230469,257.68882891050583,253.66649683440303,256.09186667190835,42630200,256.6408386230469
2025-10-03,257.5291442871094,258.7468246365968,253.46689477740222,254.18552630266564,49155600,257.5291442871094
2025-10-06,256.2016906738281,258.5771679771474,254.56481112131073,257.49920544747016,44664100,256.2016906738281
2025-10-07,255.99208068847656,256.91031341337026,254.94405994391948,256.3214394907812,31955800,255.99208068847656
2025-10-08,257.5690612792969,258.0281776413904,255.62275879770374,256.03198246417537,36496900,257.5690612792969
2025-10-09,253.55670166015625,257.50917476461467,252.65841993311406,257.3195337882977,38322000,253.55670166015625
2025-10-10,244.80340576171875,255.8922708493858,243.53581752909898,254.45500785015722,61999100,244.80340576171875
2025-10-13,247.18885803222656,249.2149949644775,245.09284695690994,248.90558714178317,38142900,247.18885803222656
2025-10-14,247.29864501953125,248.37659224814226,244.23447809703134,246.13087266264282,35478000,247.29864501953125
2025-10-15,248.8656463623047,251.3409393203658,246.99920876557604,249.01537013681215,33893600,248.8656463623047
2025-10-16,246.979248046875,248.56621957555782,244.66366953460536,247.7777291727393,39777000,246.979248046875
2025-10-17,251.81002807617188,252.89796599708643,246.79958926324147,247.5481624372989,49147000,251.81002807617188
2025-10-20,261.7411193847656,263.87706298772724,255.14370850365398,255.4032084113237,90483000,261.7411193847656
2025-10-21,262.2701110839844,264.7853366806196,261.33189684706855,261.38182000576944,46695900,262.2701110839844
2025-10-22,257.9583435058594,262.349966966352,254.94406918261987,262.15033525743416,45015300,257.9583435058594
2025-10-23,259.0861511230469,260.12418111371363,257.51916110368444,259.4454820834593,32754900,259.0861511230469
2025-10-24,262.32000732421875,263.6275126875418,258.68691759501684,260.69310343226954,38253700,262.32000732421875
2025-10-27,268.2986145019531,268.60802232244004,264.1465248140549,264.37609822840903,44888200,268.2986145019531
2025-10-28,268.4882507324219,269.3765722048576,267.63986169210665,268.4782600095115,41534800,268.4882507324219
2025-10-29,269.1869201660156,270.8936584399069,266.6018207191691,268.76770579477784,51086700,269.1869201660156
2025-10-30,270.8836669921875,273.6184749716116,267.969239224885,271.4725408872279,69886500,270.8836669921875
2025-10-31,269.85565185546875,276.79244258078194,268.647962249571,276.4630533049319,86167100,269.85565185546875
2025-11-03,268.53814697265625,270.33474092754267,265.74348587775046,269.90556627002525,50194600,268.53814697265625
2025-11-04,269.5262756347656,270.9734988318123,267.11086611942017,267.8195068636227,49274800,269.5262756347656
2025-11-05,269.6260986328125,271.18312844251227,266.4221834255846,268.0989800730272,43683100,269.6260986328125
2025-11-06,269.25677490234375,272.8798740142925,267.38037702601645,267.38037702601645,51204000,269.25677490234375
2025-11-07,267.9592590332031,271.7719991063764,266.26248096015127,269.28671541495146,48227400,267.9592590332031
2025-11-10,269.1781311035156,273.4741297822401,267.20997142836535,268.7085692371889,41312400,269.1781311035156
2025-11-11,274.99267578125,275.65206242273547,269.5477586519058,269.55775905965567,46208300,274.99267578125
2025-11-12,273.21435546875,275.4722525277038,271.4460210796085,274.74292397164845,48398000,273.21435546875
2025-11-13,272.6948547363281,276.4413491841305,271.83564282199285,273.85374352181776,49602800,272.6948547363281
2025-11-14,272.15533447265625,275.70200347225597,269.3479639093673,270.7965900477885,47431300,272.15533447265625
2025-11-17,267.2099609375,270.2371271729127,265.48159771217263,268.5687054184609,45018300,267.2099609375
2025-11-18,267.19000244140625,270.4569347049811,265.0719890725528,269.7376065335732,45677300,267.19000244140625
2025-11-19,268.3089294433594,271.9555110777923,265.2517925781922,265.2817633125939,40424500,268.3089294433594
2025-11-20,266.0010986328125,275.17250947675234,265.67142054546326,270.5768036466949,45823600,266.0010986328125
2025-11-21,271.2361755371094,273.0744516711978,265.4216397990326,265.70137680880595,59030800,271.2361755371094
2025-11-24,275.6620788574219,276.7410558404627,270.64675212306133,270.64675212306133,65585800,275.6620788574219
2025-11-25,276.7110900878906,280.1179060838009,274.9926967216935,275.012667049666,46914200,276.7110900878906
2025-11-26,277.29052734375,279.26868736786383,276.3714044558947,276.70108254872224,33431400,277.29052734375
2025-11-28,278.5893249511719,278.73917862681736,275.73198274965245,277.0008150112318,20135600,278.5893249511719
2025-12-01,282.8353576660156,283.1550658399818,275.88187257202503,277.75011957449965,46587700,282.8353576660156
2025-12-02,285.9224548339844,287.1313151163589,282.36578537497866,282.7354345985028,53669500,285.9224548339844
2025-12-03,283.8843688964844,288.35019153510143,283.0351573834178,285.9324708384744,43538700,283.8843688964844
2025-12-04,280.4375915527344,284.46382276925783,278.32954829392816,283.83440686502166,43989100,280.4375915527344
2025-12-05,278.5193786621094,280.8771882481053,277.79005013345267,280.27774306596746,47265800,278.5193786621094
2025-12-08,277.6302185058594,279.4085531850005,275.8918244790692,277.86998437615557,38211800,277.6302185058594
2025-12-09,276.9208679199219,279.7682096639769,276.6611317163261,277.8999627322321,32193300,276.9208679199219
2025-12-10,278.5193786621094,279.48847306800184,276.1815698919154,277.490342786908,33038300,278.5193786621094
2025-12-11,277.77008056640625,279.3286197507982,273.5540244422053,278.83908758708685,33248000,277.77008056640625
2025-12-12,278.0198669433594,278.9589906850317,276.5612402656973,277.64021728323,39532900,278.0198669433594
2025-12-15,273.8537292480469,279.8880911943856,272.5849275039148,279.8880911943856,50409100,273.8537292480469
2025-12-16,274.353271484375,275.2424541197232,271.53593087885605,272.5649667835892,37648600,274.353271484375
2025-12-17,271.58587646484375,275.90184538512057,271.38608172110213,274.75292651919426,50138700,271.58587646484375
2025-12-18,271.935546875,273.374203136776,266.7004552212896,273.35420232069225,51630700,271.935546875
2025-12-19,273.4141845703125,274.34330788170604,269.64768928264715,271.8955859651445,144632000,273.4141845703125
2025-12-22,270.7166748046875,273.62395794129594,270.25711338978425,272.6048920133635,36571800,270.7166748046875
2025-12-23,272.1053771972656,272.2452609569047,269.30800689497966,270.5868091030317,29642000,272.1053771972656
2025-12-24,273.55401611328125,275.17249671786806,271.9455359163183,272.085389177814,17910600,273.55401611328125
2025-12-26,273.1444091796875,275.1125687682936,272.6049054553,273.9037084592662,21521800,273.1444091796875
2025-12-29,273.50408935546875,274.10350406329195,272.0954038139857,272.4350823114352,23715200,273.50408935546875
2025-12-30,272.82470703125,273.82377221524894,272.02546707967076,272.5549704076282,22139600,272.82470703125
2025-12-31,271.6058349609375,273.42414083736213,271.49595243002375,272.80472532736104,27293600,271.6058349609375
2026-01-02,270.75665283203125,277.58025431004916,268.7485221479618,272.0054842546519,37838100,270.75665283203125
2026-01-05,267.0101623535156,271.25618925068443,265.89121426121545,270.38700744645297,45647200,267.0101623535156
2026-01-06,262.1147155761719,267.2998660934885,261.8749496989937,266.7503924619391,52352100,262.1147155761719
2026-01-07,260.08660888671875,263.4334831315393,259.56710600115036,262.95395138764474,48309800,260.08660888671875
2026-01-08,258.7978515625,259.0476178563403,255.46096229095477,256.7797203952787,50419300,258.7978515625
2026-01-09,259.1275329589844,259.9667440583015,255.98048371428257,258.8377955175017,39997000,259.1275329589844
2026-01-12,260.0067138671875,261.05572011368304,256.5599267903311,258.9177364764393,45263800,260.0067138671875
2026-01-13,260.8059387207031,261.56523797230057,258.148452318208,258.4781303943212,45730800,260.8059387207031
2026-01-14,259.71697998046875,261.57525710051715,256.4700180914029,259.247418118488,40019400,259.71697998046875
2026-01-15,257.9685974121094,260.7959687899761,256.8096782083212,260.40631875644857,39388600,257.9685974121094
2026-01-16,255.29112243652344,258.6579671912775,254.69167723491495,257.6589020182799,72142800,255.29112243652344
2026-01-20,246.46937561035156,254.55180921698133,243.19244305608962,252.49373739571587,80267500,246.46937561035156
2026-01-21,247.41848754882812,251.3248360900433,244.9507953165175,248.46750904444812,54641700,247.41848754882812
2026-01-22,248.1178436279297,250.76536025794266,247.9180183962477,248.96703988447874,39708300,248.1178436279297
2026-01-23,247.80812072753906,249.17685039145397,244.45126111041233,247.08880782235642,41689000,247.80812072753906
2026-01-26,255.17123413085938,256.32015295784896,249.5664780183616,251.24490015634893,55969200,255.17123413085938
2026-01-27,258.0285339355469,261.70511669708895,257.96859246831417,258.92771692213245,49648300,258.0285339355469
2026-01-28,256.2002868652344,258.61800761819165,254.27208306792676,257.409147241713,41288000,256.2002868652344
2026-01-29,258.0385437011719,259.4072580677027,254.17216647920577,257.75880668092503,67253000,258.0385437011719
2026-01-30,259.2374267578125,261.6551472598355,251.94423313215475,254.93144331105526,92443400,259.2374267578125
2026-02-02,269.7575988769531,270.2371306501278,258.9676766447768,259.7869174093499,73913400,269.7575988769531
2026-02-03,269.22808837890625,271.6258386480508,267.3598109321867,268.9483513556569,64394700,269.22808837890625
2026-02-04,276.23150634765625,278.68922850453845,272.03545112075,272.03545112075,90545700,276.23150634765625
2026-02-05,275.6520690917969,279.2387093202658,272.97458180817284,277.86999494352693,52977400,275.6520690917969
2026-02-06,277.8599853515625,280.6473855638201,276.67109542368036,276.8609202349588,50453400,277.8599853515625
2026-02-09,274.6199951171875,278.20001220703125,271.70001220703125,277.9100036621094,44623400,274.6199951171875
2026-02-10,273.67999267578125,275.3699951171875,272.94000244140625,274.8900146484375,34376900,273.67999267578125
2026-02-11,275.5,280.17999267578125,274.45001220703125,274.70001220703125,51931300,275.5
2026-02-12,261.7300109863281,275.7200012207031,260.17999267578125,275.5899963378906,81077200,261.7300109863281
2026-02-13,255.77999877929688,262.2300109863281,255.4499969482422,262.010009765625,56290700,255.77999877929688
2026-02-17,263.8800048828125,266.2900085449219,255.5399932861328,258.04998779296875,58469100,263.8800048828125
2026-02-18,264.3500061035156,266.82000732421875,262.45001220703125,263.6000061035156,34203300,264.3500061035156
2026-02-19,260.5799865722656,264.4800109863281,260.04998779296875,262.6000061035156,30845300,260.5799865722656
2026-02-20,264.5799865722656,264.75,258.1600036621094,258.9700012207031,42070500,264.5799865722656
2026-02-23,266.17999267578125,269.42999267578125,263.3800048828125,263.489990234375,37308200,266.17999267578125
2026-02-24,272.1400146484375,274.8900146484375,267.7099914550781,267.8599853515625,47014600,272.1400146484375
2026-02-25,274.2300109863281,274.94000244140625,271.04998779296875,271.7799987792969,33714300,274.2300109863281
2026-02-26,272.95001220703125,276.1099853515625,270.79998779296875,274.95001220703125,32345100,272.95001220703125
2026-02-27,264.17999267578125,272.80999755859375,262.8900146484375,272.80999755859375,72366500,264.17999267578125
2026-03-02,264.7200012207031,266.5299987792969,260.20001220703125,262.4100036621094,41827900,264.7200012207031
2026-03-03,263.75,265.55999755859375,260.1300048828125,263.4800109863281,38568900,263.75
2026-03-04,262.5199890136719,266.1499938964844,261.4200134277344,264.6499938964844,39803100,262.5199890136719
2026-03-05,260.2900085449219,261.55999755859375,257.25,260.7900085449219,49658600,260.2900085449219
2026-03-06,257.4599914550781,258.7699890136719,254.3699951171875,258.6300048828125,41120000,257.4599914550781
2026-03-09,259.8800048828125,261.1499938964844,253.67999267578125,255.69000244140625,38218500,259.8800048828125
2026-03-10,260.8299865722656,262.4800109863281,256.95001220703125,257.6499938964844,30590800,260.8299865722656
2026-03-11,260.80999755859375,262.1300048828125,259.54998779296875,261.0899963378906,26218900,260.80999755859375
2026-03-12,255.75999450683594,258.95001220703125,254.17999267578125,258.6600036621094,40794000,255.75999450683594
2026-03-13,250.1199951171875,256.3299865722656,249.52000427246094,255.47999572753906,36930000,250.1199951171875
2026-03-16,252.82000732421875,253.88999938964844,249.8800048828125,252.11000061035156,32074200,252.82000732421875
2026-03-17,254.22999572753906,255.1300048828125,252.17999267578125,252.9600067138672,32361600,254.22999572753906
2026-03-18,249.94000244140625,254.94000244140625,249.0,252.6300048828125,35757900,249.94000244140625
2026-03-19,248.9600067138672,251.8300018310547,247.3000030517578,249.39999389648438,34864100,248.9600067138672
2026-03-20,247.99000549316406,249.1999969482422,246.0,247.97999572753906,88331100,247.99000549316406
2026-03-23,251.49000549316406,254.60000610351562,250.27999877929688,253.97000122070312,40546100,251.49000549316406
2026-03-24,251.63999938964844,254.8300018310547,249.5500030517578,250.35000610351562,45152300,251.63999938964844
2026-03-25,252.6199951171875,255.0,251.60000610351562,254.10000610351562,28476700,252.6199951171875
2026-03-26,252.88999938964844,257.0,250.77000427246094,252.1199951171875,41796700,252.88999938964844
2026-03-27,248.8000030517578,255.49000549316406,248.07000732421875,253.89999389648438,47900000,248.8000030517578
2026-03-30,246.6300048828125,250.8699951171875,245.50999450683594,250.07000732421875,39446200,246.6300048828125
2026-03-31,253.7899932861328,255.47999572753906,247.10000610351562,247.91000366210938,49598100,253.7899932861328
2026-04-01,255.6300048828125,256.17999267578125,253.3300018310547,254.0800018310547,40059400,255.6300048828125
2026-04-02,255.9199981689453,256.1300048828125,250.64999389648438,254.1999969482422,31289400,255.9199981689453
2026-04-06,258.8599853515625,262.1600036621094,256.4599914550781,256.510009765625,29329900,258.8599853515625
2026-04-07,253.5,256.20001220703125,245.6999969482422,256.1600036621094,62148000,253.5
2026-04-08,258.8999938964844,259.75,256.5299987792969,258.45001220703125,41032800,258.8999938964844
2026-04-09,260.489990234375,261.1199951171875,256.07000732421875,259.0,28121600,260.489990234375
2026-04-10,260.4800109863281,262.19000244140625,259.0199890136719,259.9800109863281,31291500,260.4800109863281
2026-04-13,259.20001220703125,260.17999267578125,256.6600036621094,259.7300109863281,36234700,259.20001220703125
2026-04-14,258.8299865722656,261.92999267578125,257.19000244140625,259.25,48370700,258.8299865722656
2026-04-15,266.42999267578125,266.55999755859375,257.80999755859375,258.1600036621094,49913500,266.42999267578125
2026-04-16,263.3999938964844,267.1600036621094,261.2699890136719,266.79998779296875,43323100,263.3999938964844
2026-04-17,270.2300109863281,272.29998779296875,266.7200012207031,266.9599914550781,61436200,270.2300109863281
2026-04-20,273.04998779296875,274.2799987792969,270.2900085449219,270.3299865722656,36590200,273.04998779296875
2026-04-21,266.1700134277344,272.79998779296875,265.3999938964844,271.5,50209800,266.1700134277344
2026-04-22,273.1700134277344,273.739990234375,266.8699951171875,267.82000732421875,43249200,273.1700134277344
2026-04-23,273.42999267578125,275.7699890136719,271.6499938964844,275.04998779296875,33399600,273.42999267578125
2026-04-24,271.05999755859375,273.05999755859375,269.6499938964844,272.760009765625,38157100,271.05999755859375
2026-04-27,267.6099853515625,268.3599853515625,265.07000732421875,266.0899963378906,41466800,267.6099853515625
2026-04-28,270.7099914550781,273.2300109863281,268.6600036621094,272.3399963378906,40018900,270.7099914550781
2026-04-29,270.1700134277344,271.0400085449219,267.0400085449219,267.54998779296875,30047900,270.1700134277344
2026-04-30,271.3500061035156,276.0,268.1400146484375,270.5,91848200,271.3500061035156
2026-05-01,280.1400146484375,287.2200012207031,278.3699951171875,278.8599853515625,79915400,280.1400146484375
2026-05-04,276.8299865722656,280.6300048828125,274.8599853515625,279.6600036621094,46668400,276.8299865722656
2026-05-05,284.17999267578125,284.57000732421875,276.5,276.92999267578125,49311700,284.17999267578125
2026-05-06,287.510009765625,288.0299987792969,281.07000732421875,281.9200134277344,58336100,287.510009765625
2026-05-07,287.44000244140625,292.1300048828125,285.7799987792969,289.2699890136719,45224300,287.44000244140625
2026-05-08,293.32000732421875,294.760009765625,290.0,290.010009765625,52631200,293.32000732421875
